county,date,cases
40047,2020/04/26,0
40047,2020/05/03,0
40047,2020/05/10,0
40047,2020/05/17,0
40047,2020/05/24,4.87
40047,2020/05/31,9.75
40047,2020/06/07,9.75
40047,2020/06/14,9.75
40047,2020/06/21,14.62
40047,2020/06/28,14.62
40047,2020/07/05,14.62
40047,2020/07/12,14.62
40047,2020/07/19,14.62
40047,2020/07/26,14.62
40047,2020/08/02,24.37
40047,2020/08/09,24.37
40047,2020/08/16,24.37
40047,2020/08/23,24.37
40047,2020/08/30,24.37
40047,2020/09/06,29.25
40047,2020/09/13,29.25
40047,2020/09/20,34.12
40047,2020/09/27,39
40047,2020/10/04,39
40047,2020/10/11,43.87
40047,2020/10/18,43.87
40047,2020/10/25,53.62
40047,2020/11/01,58.49
40047,2020/11/08,68.24
40047,2020/11/15,68.24
40047,2020/11/22,68.24
40047,2020/11/29,82.87
40047,2020/12/06,87.74
40047,2020/12/13,87.74
40047,2020/12/20,92.62
40047,2020/12/27,92.62
40047,2021/01/03,92.62
40047,2021/01/10,102.36
40047,2021/01/17,112.11
40047,2021/01/24,112.11
40047,2021/01/31,116.99
40047,2021/02/07,116.99
40047,2021/02/14,116.99
40047,2021/02/21,116.99
40047,2021/02/28,121.86
40047,2021/03/07,121.86
40047,2021/03/14,121.86
40047,2021/03/21,121.86
40047,2021/03/28,121.86
40047,2021/04/04,121.86
40047,2021/04/11,121.86
40047,2021/04/18,121.86
40047,2021/04/25,121.86
40047,2021/05/02,121.86
40047,2021/05/09,121.86
40047,2021/05/16,121.86
40047,2021/05/23,121.86
40047,2021/05/30,121.86
40047,2021/06/06,121.86
40047,2021/06/13,121.86
40047,2021/06/20,121.86
40047,2021/06/27,121.86
40047,2021/07/04,121.86
40047,2021/07/11,121.86
40047,2021/07/18,121.86
40047,2021/07/25,121.86
40047,2021/08/01,121.86
40047,2021/08/08,121.86
40047,2021/08/15,121.86
40047,2021/08/22,121.86
40047,2021/08/29,121.86
40047,2021/09/05,121.86
40047,2021/09/12,121.86
40047,2021/09/19,121.86
40047,2021/09/26,121.86
40047,2021/10/03,121.86
40047,2021/10/10,121.86
40047,2021/10/17,121.86
40215,2020/04/26,0
40215,2020/05/03,0
40215,2020/05/10,0
40215,2020/05/17,4.82
40215,2020/05/24,28.91
40215,2020/05/31,602.29
40215,2020/06/07,626.39
40215,2020/06/14,650.48
40215,2020/06/21,698.66
40215,2020/06/28,732.39
40215,2020/07/05,770.94
40215,2020/07/12,867.3
40215,2020/07/19,949.21
40215,2020/07/26,1016.67
40215,2020/08/02,1141.95
40215,2020/08/09,1368.41
40215,2020/08/16,1594.87
40215,2020/08/23,1652.69
40215,2020/08/30,1840.61
40215,2020/09/06,1912.88
40215,2020/09/13,2004.43
40215,2020/09/20,2148.98
40215,2020/09/27,2250.17
40215,2020/10/04,2365.81
40215,2020/10/11,2505.54
40215,2020/10/18,2674.18
40215,2020/10/25,2881.37
40215,2020/11/01,3083.74
40215,2020/11/08,3396.94
40215,2020/11/15,3811.31
40215,2020/11/22,4158.23
40215,2020/11/29,4471.43
40215,2020/12/06,4803.89
40215,2020/12/13,5039.99
40215,2020/12/20,5280.91
40215,2020/12/27,5497.74
40215,2021/01/03,5801.29
40215,2021/01/10,6037.39
40215,2021/01/17,6234.94
40215,2021/01/24,6456.59
40215,2021/01/31,6726.41
40215,2021/02/07,6923.97
40215,2021/02/14,7078.15
40215,2021/02/21,7164.88
40215,2021/02/28,7372.07
40215,2021/03/07,7487.71
40215,2021/03/14,7598.54
40215,2021/03/21,7690.08
40215,2021/03/28,7796.09
40215,2021/04/04,7882.82
40215,2021/04/11,7984
40215,2021/04/18,8099.64
40215,2021/04/25,8224.92
40215,2021/05/02,8355.02
40215,2021/05/09,8509.2
40215,2021/05/16,8658.57
40215,2021/05/23,8740.48
40215,2021/05/30,8807.94
40215,2021/06/06,8851.31
40215,2021/06/13,8865.76
40215,2021/06/20,8889.85
40215,2021/06/27,8928.4
40215,2021/07/04,8957.31
40215,2021/07/11,8995.86
40215,2021/07/18,9077.77
40215,2021/07/25,9212.68
40215,2021/08/01,9429.51
40215,2021/08/08,9790.88
40215,2021/08/15,10248.63
40215,2021/08/22,10865.38
40215,2021/08/29,11395.39
40215,2021/09/05,11776.04
40215,2021/09/12,12363.88
40215,2021/09/19,12816.81
40215,2021/09/26,13264.91
40215,2021/10/03,13616.65
40215,2021/10/10,13867.21
40215,2021/10/17,14141.85
40220,2020/04/26,0
40220,2020/05/03,0
40220,2020/05/10,0
40220,2020/05/17,2.94
40220,2020/05/24,11.76
40220,2020/05/31,499.63
40220,2020/06/07,540.78
40220,2020/06/14,573.11
40220,2020/06/21,608.38
40220,2020/06/28,708.3
40220,2020/07/05,872.89
40220,2020/07/12,1013.96
40220,2020/07/19,1205
40220,2020/07/26,1331.37
40220,2020/08/02,1457.75
40220,2020/08/09,1569.43
40220,2020/08/16,1698.75
40220,2020/08/23,1801.62
40220,2020/08/30,1913.3
40220,2020/09/06,1992.65
40220,2020/09/13,2101.4
40220,2020/09/20,2236.59
40220,2020/09/27,2409.99
40220,2020/10/04,2583.39
40220,2020/10/11,2756.8
40220,2020/10/18,2994.86
40220,2020/10/25,3338.72
40220,2020/11/01,3620.87
40220,2020/11/08,3923.59
40220,2020/11/15,4246.88
40220,2020/11/22,4637.77
40220,2020/11/29,5081.56
40220,2020/12/06,5484.2
40220,2020/12/13,5804.56
40220,2020/12/20,6080.82
40220,2020/12/27,6360.03
40220,2021/01/03,6792.06
40220,2021/01/10,7227.04
40220,2021/01/17,7538.57
40220,2021/01/24,7879.5
40220,2021/01/31,8144.01
40220,2021/02/07,8390.89
40220,2021/02/14,8643.64
40220,2021/02/21,8781.78
40220,2021/02/28,8908.16
40220,2021/03/07,9002.2
40220,2021/03/14,9075.68
40220,2021/03/21,9160.91
40220,2021/03/28,9219.69
40220,2021/04/04,9284.35
40220,2021/04/11,9393.09
40220,2021/04/18,9440.12
40220,2021/04/25,9545.92
40220,2021/05/02,9592.95
40220,2021/05/09,9631.15
40220,2021/05/16,9686.99
40220,2021/05/23,9713.45
40220,2021/05/30,9739.9
40220,2021/06/06,9766.35
40220,2021/06/13,9781.04
40220,2021/06/20,9801.62
40220,2021/06/27,9804.56
40220,2021/07/04,9839.82
40220,2021/07/11,9880.97
40220,2021/07/18,9972.08
40220,2021/07/25,10104.34
40220,2021/08/01,10286.55
40220,2021/08/08,10501.1
40220,2021/08/15,10821.45
40220,2021/08/22,11212.34
40220,2021/08/29,11567.96
40220,2021/09/05,11841.29
40220,2021/09/12,12196.91
40220,2021/09/19,12487.88
40220,2021/09/26,12884.64
40220,2021/10/03,13072.74
40220,2021/10/10,13266.72
40220,2021/10/17,13401.91
40177,2020/04/26,0
40177,2020/05/03,0
40177,2020/05/10,0
40177,2020/05/17,0
40177,2020/05/24,0
40177,2020/05/31,0
40177,2020/06/07,0
40177,2020/06/14,0
40177,2020/06/21,0
40177,2020/06/28,0
40177,2020/07/05,0
40177,2020/07/12,0
40177,2020/07/19,0
40177,2020/07/26,59.81
40177,2020/08/02,59.81
40177,2020/08/09,59.81
40177,2020/08/16,59.81
40177,2020/08/23,59.81
40177,2020/08/30,59.81
40177,2020/09/06,59.81
40177,2020/09/13,59.81
40177,2020/09/20,59.81
40177,2020/09/27,59.81
40177,2020/10/04,59.81
40177,2020/10/11,179.43
40177,2020/10/18,179.43
40177,2020/10/25,179.43
40177,2020/11/01,239.23
40177,2020/11/08,239.23
40177,2020/11/15,239.23
40177,2020/11/22,299.04
40177,2020/11/29,299.04
40177,2020/12/06,418.66
40177,2020/12/13,418.66
40177,2020/12/20,418.66
40177,2020/12/27,418.66
40177,2021/01/03,418.66
40177,2021/01/10,418.66
40177,2021/01/17,418.66
40177,2021/01/24,418.66
40177,2021/01/31,418.66
40177,2021/02/07,418.66
40177,2021/02/14,418.66
40177,2021/02/21,418.66
40177,2021/02/28,418.66
40177,2021/03/07,418.66
40177,2021/03/14,418.66
40177,2021/03/21,418.66
40177,2021/03/28,418.66
40177,2021/04/04,418.66
40177,2021/04/11,418.66
40177,2021/04/18,418.66
40177,2021/04/25,418.66
40177,2021/05/02,418.66
40177,2021/05/09,418.66
40177,2021/05/16,418.66
40177,2021/05/23,418.66
40177,2021/05/30,418.66
40177,2021/06/06,418.66
40177,2021/06/13,418.66
40177,2021/06/20,418.66
40177,2021/06/27,418.66
40177,2021/07/04,418.66
40177,2021/07/11,418.66
40177,2021/07/18,418.66
40177,2021/07/25,418.66
40177,2021/08/01,418.66
40177,2021/08/08,418.66
40177,2021/08/15,418.66
40177,2021/08/22,418.66
40177,2021/08/29,418.66
40177,2021/09/05,418.66
40177,2021/09/12,418.66
40177,2021/09/19,418.66
40177,2021/09/26,418.66
40177,2021/10/03,418.66
40177,2021/10/10,418.66
40177,2021/10/17,418.66
40109,2020/04/26,0
40109,2020/05/03,0
40109,2020/05/10,0
40109,2020/05/17,0
40109,2020/05/24,0
40109,2020/05/31,0
40109,2020/06/07,0
40109,2020/06/14,0
40109,2020/06/21,0
40109,2020/06/28,0
40109,2020/07/05,0
40109,2020/07/12,0
40109,2020/07/19,0
40109,2020/07/26,0
40109,2020/08/02,0
40109,2020/08/09,0
40109,2020/08/16,0
40109,2020/08/23,0
40109,2020/08/30,0
40109,2020/09/06,0
40109,2020/09/13,0
40109,2020/09/20,0
40109,2020/09/27,0
40109,2020/10/04,0
40109,2020/10/11,0
40109,2020/10/18,54.29
40109,2020/10/25,54.29
40109,2020/11/01,54.29
40109,2020/11/08,54.29
40109,2020/11/15,54.29
40109,2020/11/22,108.58
40109,2020/11/29,108.58
40109,2020/12/06,108.58
40109,2020/12/13,108.58
40109,2020/12/20,108.58
40109,2020/12/27,108.58
40109,2021/01/03,108.58
40109,2021/01/10,108.58
40109,2021/01/17,108.58
40109,2021/01/24,108.58
40109,2021/01/31,108.58
40109,2021/02/07,108.58
40109,2021/02/14,108.58
40109,2021/02/21,108.58
40109,2021/02/28,108.58
40109,2021/03/07,108.58
40109,2021/03/14,108.58
40109,2021/03/21,108.58
40109,2021/03/28,108.58
40109,2021/04/04,108.58
40109,2021/04/11,108.58
40109,2021/04/18,108.58
40109,2021/04/25,108.58
40109,2021/05/02,108.58
40109,2021/05/09,108.58
40109,2021/05/16,108.58
40109,2021/05/23,108.58
40109,2021/05/30,108.58
40109,2021/06/06,108.58
40109,2021/06/13,108.58
40109,2021/06/20,108.58
40109,2021/06/27,108.58
40109,2021/07/04,108.58
40109,2021/07/11,108.58
40109,2021/07/18,108.58
40109,2021/07/25,108.58
40109,2021/08/01,108.58
40109,2021/08/08,108.58
40109,2021/08/15,108.58
40109,2021/08/22,108.58
40109,2021/08/29,108.58
40109,2021/09/05,108.58
40109,2021/09/12,108.58
40109,2021/09/19,108.58
40109,2021/09/26,108.58
40109,2021/10/03,108.58
40109,2021/10/10,108.58
40109,2021/10/17,108.58
40214,2020/04/26,0
40214,2020/05/03,0
40214,2020/05/10,0
40214,2020/05/17,8.73
40214,2020/05/24,26.18
40214,2020/05/31,591.14
40214,2020/06/07,628.22
40214,2020/06/14,678.39
40214,2020/06/21,713.29
40214,2020/06/28,761.28
40214,2020/07/05,820.17
40214,2020/07/12,892.16
40214,2020/07/19,1073.2
40214,2020/07/26,1241.17
40214,2020/08/02,1354.59
40214,2020/08/09,1537.82
40214,2020/08/16,1686.15
40214,2020/08/23,1795.22
40214,2020/08/30,1980.63
40214,2020/09/06,2096.24
40214,2020/09/13,2179.13
40214,2020/09/20,2264.2
40214,2020/09/27,2381.99
40214,2020/10/04,2499.78
40214,2020/10/11,2687.37
40214,2020/10/18,2901.14
40214,2020/10/25,3182.53
40214,2020/11/01,3413.75
40214,2020/11/08,3775.85
40214,2020/11/15,4196.84
40214,2020/11/22,4602.57
40214,2020/11/29,5030.1
40214,2020/12/06,5400.92
40214,2020/12/13,5704.13
40214,2020/12/20,5946.25
40214,2020/12/27,6264.72
40214,2021/01/03,6690.08
40214,2021/01/10,7078.35
40214,2021/01/17,7475.35
40214,2021/01/24,7778.55
40214,2021/01/31,8057.76
40214,2021/02/07,8304.25
40214,2021/02/14,8461.3
40214,2021/02/21,8629.26
40214,2021/02/28,8777.59
40214,2021/03/07,8904.11
40214,2021/03/14,9006.63
40214,2021/03/21,9078.61
40214,2021/03/28,9157.14
40214,2021/04/04,9224.76
40214,2021/04/11,9307.65
40214,2021/04/18,9381.82
40214,2021/04/25,9484.34
40214,2021/05/02,9573.77
40214,2021/05/09,9632.67
40214,2021/05/16,9728.64
40214,2021/05/23,9770.09
40214,2021/05/30,9789.72
40214,2021/06/06,9818.08
40214,2021/06/13,9839.89
40214,2021/06/20,9863.89
40214,2021/06/27,9881.34
40214,2021/07/04,9900.97
40214,2021/07/11,9959.86
40214,2021/07/18,10047.12
40214,2021/07/25,10193.26
40214,2021/08/01,10417.94
40214,2021/08/08,10627.34
40214,2021/08/15,10974.17
40214,2021/08/22,11456.24
40214,2021/08/29,11840.15
40214,2021/09/05,12184.8
40214,2021/09/12,12590.52
40214,2021/09/19,12861.01
40214,2021/09/26,13231.83
40214,2021/10/03,13583.02
40214,2021/10/10,13781.52
40214,2021/10/17,13932.03
40258,2020/04/26,0
40258,2020/05/03,0
40258,2020/05/10,0
40258,2020/05/17,7.5
40258,2020/05/24,22.49
40258,2020/05/31,303.58
40258,2020/06/07,348.55
40258,2020/06/14,367.29
40258,2020/06/21,408.52
40258,2020/06/28,438.5
40258,2020/07/05,449.74
40258,2020/07/12,494.72
40258,2020/07/19,584.66
40258,2020/07/26,712.09
40258,2020/08/02,798.29
40258,2020/08/09,966.94
40258,2020/08/16,1116.86
40258,2020/08/23,1251.78
40258,2020/08/30,1375.46
40258,2020/09/06,1450.42
40258,2020/09/13,1525.37
40258,2020/09/20,1645.3
40258,2020/09/27,1817.7
40258,2020/10/04,1975.11
40258,2020/10/11,2151.26
40258,2020/10/18,2391.13
40258,2020/10/25,2754.67
40258,2020/11/01,3118.21
40258,2020/11/08,3582.94
40258,2020/11/15,4010.19
40258,2020/11/22,4463.68
40258,2020/11/29,5014.62
40258,2020/12/06,5460.61
40258,2020/12/13,5726.71
40258,2020/12/20,6060.27
40258,2020/12/27,6318.87
40258,2021/01/03,6753.62
40258,2021/01/10,7147.14
40258,2021/01/17,7529.42
40258,2021/01/24,7971.67
40258,2021/01/31,8215.28
40258,2021/02/07,8530.1
40258,2021/02/14,8743.72
40258,2021/02/21,8934.86
40258,2021/02/28,9111.01
40258,2021/03/07,9275.92
40258,2021/03/14,9425.83
40258,2021/03/21,9542.01
40258,2021/03/28,9624.47
40258,2021/04/04,9680.68
40258,2021/04/11,9796.87
40258,2021/04/18,9868.08
40258,2021/04/25,9976.76
40258,2021/05/02,10070.46
40258,2021/05/09,10141.67
40258,2021/05/16,10212.88
40258,2021/05/23,10272.84
40258,2021/05/30,10302.83
40258,2021/06/06,10332.81
40258,2021/06/13,10347.8
40258,2021/06/20,10362.79
40258,2021/06/27,10370.29
40258,2021/07/04,10389.03
40258,2021/07/11,10430.25
40258,2021/07/18,10490.22
40258,2021/07/25,10666.37
40258,2021/08/01,11003.67
40258,2021/08/08,11303.5
40258,2021/08/15,11820.7
40258,2021/08/22,12360.39
40258,2021/08/29,12926.32
40258,2021/09/05,13301.1
40258,2021/09/12,13867.03
40258,2021/09/19,14185.59
40258,2021/09/26,14755.27
40258,2021/10/03,15137.55
40258,2021/10/10,15414.89
40258,2021/10/17,15621.02
40210,2020/04/26,0
40210,2020/05/03,0
40210,2020/05/10,0
40210,2020/05/17,35.5
40210,2020/05/24,63.91
40210,2020/05/31,447.35
40210,2020/06/07,497.05
40210,2020/06/14,539.66
40210,2020/06/21,575.16
40210,2020/06/28,639.07
40210,2020/07/05,674.57
40210,2020/07/12,724.28
40210,2020/07/19,873.39
40210,2020/07/26,994.11
40210,2020/08/02,1100.62
40210,2020/08/09,1320.74
40210,2020/08/16,1462.76
40210,2020/08/23,1618.97
40210,2020/08/30,2002.41
40210,2020/09/06,2151.53
40210,2020/09/13,2201.24
40210,2020/09/20,2336.15
40210,2020/09/27,2492.37
40210,2020/10/04,2598.88
40210,2020/10/11,2804.8
40210,2020/10/18,3039.13
40210,2020/10/25,3209.54
40210,2020/11/01,3387.06
40210,2020/11/08,3607.19
40210,2020/11/15,3940.92
40210,2020/11/22,4182.35
40210,2020/11/29,4473.48
40210,2020/12/06,4665.2
40210,2020/12/13,4949.23
40210,2020/12/20,5176.45
40210,2020/12/27,5368.17
40210,2021/01/03,5567
40210,2021/01/10,5787.12
40210,2021/01/17,5978.84
40210,2021/01/24,6127.96
40210,2021/01/31,6326.78
40210,2021/02/07,6490.09
40210,2021/02/14,6625.01
40210,2021/02/21,6703.12
40210,2021/02/28,6774.12
40210,2021/03/07,6852.23
40210,2021/03/14,6923.24
40210,2021/03/21,6980.05
40210,2021/03/28,7086.56
40210,2021/04/04,7200.17
40210,2021/04/11,7256.98
40210,2021/04/18,7306.68
40210,2021/04/25,7519.7
40210,2021/05/02,7668.82
40210,2021/05/09,7832.14
40210,2021/05/16,7945.75
40210,2021/05/23,8023.86
40210,2021/05/30,8052.26
40210,2021/06/06,8101.97
40210,2021/06/13,8137.47
40210,2021/06/20,8172.97
40210,2021/06/27,8194.28
40210,2021/07/04,8215.58
40210,2021/07/11,8243.98
40210,2021/07/18,8322.09
40210,2021/07/25,8492.51
40210,2021/08/01,8819.14
40210,2021/08/08,9152.88
40210,2021/08/15,9649.93
40210,2021/08/22,10203.79
40210,2021/08/29,10793.15
40210,2021/09/05,11197.9
40210,2021/09/12,11723.35
40210,2021/09/19,11986.08
40210,2021/09/26,12291.42
40210,2021/10/03,12532.84
40210,2021/10/10,12752.96
40210,2021/10/17,12958.89
40118,2020/04/26,0
40118,2020/05/03,0
40118,2020/05/10,0
40118,2020/05/17,0
40118,2020/05/24,32.21
40118,2020/05/31,300.65
40118,2020/06/07,408.03
40118,2020/06/14,472.46
40118,2020/06/21,483.2
40118,2020/06/28,536.88
40118,2020/07/05,590.57
40118,2020/07/12,655
40118,2020/07/19,816.06
40118,2020/07/26,998.6
40118,2020/08/02,1159.67
40118,2020/08/09,1417.37
40118,2020/08/16,1707.29
40118,2020/08/23,1825.41
40118,2020/08/30,1911.31
40118,2020/09/06,1965
40118,2020/09/13,2040.16
40118,2020/09/20,2126.06
40118,2020/09/27,2265.65
40118,2020/10/04,2373.03
40118,2020/10/11,2587.78
40118,2020/10/18,2716.63
40118,2020/10/25,2824.01
40118,2020/11/01,3017.29
40118,2020/11/08,3371.63
40118,2020/11/15,3854.83
40118,2020/11/22,4316.55
40118,2020/11/29,4810.48
40118,2020/12/06,5229.25
40118,2020/12/13,5583.59
40118,2020/12/20,5862.77
40118,2020/12/27,6206.38
40118,2021/01/03,6775.48
40118,2021/01/10,7043.92
40118,2021/01/17,7602.28
40118,2021/01/24,7924.41
40118,2021/01/31,8171.37
40118,2021/02/07,8375.39
40118,2021/02/14,8622.36
40118,2021/02/21,8794.16
40118,2021/02/28,8923.01
40118,2021/03/07,9051.86
40118,2021/03/14,9137.76
40118,2021/03/21,9223.67
40118,2021/03/28,9298.83
40118,2021/04/04,9395.47
40118,2021/04/11,9524.32
40118,2021/04/18,9610.22
40118,2021/04/25,9792.76
40118,2021/05/02,9921.61
40118,2021/05/09,9943.09
40118,2021/05/16,10007.52
40118,2021/05/23,10061.2
40118,2021/05/30,10082.68
40118,2021/06/06,10104.16
40118,2021/06/13,10168.58
40118,2021/06/20,10190.06
40118,2021/06/27,10233.01
40118,2021/07/04,10254.48
40118,2021/07/11,10265.22
40118,2021/07/18,10318.91
40118,2021/07/25,10479.97
40118,2021/08/01,10705.47
40118,2021/08/08,10909.48
40118,2021/08/15,11553.74
40118,2021/08/22,12251.69
40118,2021/08/29,12691.94
40118,2021/09/05,13153.66
40118,2021/09/12,13658.33
40118,2021/09/19,13991.2
40118,2021/09/26,14452.92
40118,2021/10/03,14796.52
40118,2021/10/10,15107.91
40118,2021/10/17,15387.09
40209,2020/04/26,0
40209,2020/05/03,0
40209,2020/05/10,0
40209,2020/05/17,0
40209,2020/05/24,0
40209,2020/05/31,0
40209,2020/06/07,0
40209,2020/06/14,0
40209,2020/06/21,0
40209,2020/06/28,0
40209,2020/07/05,0
40209,2020/07/12,316.46
40209,2020/07/19,316.46
40209,2020/07/26,316.46
40209,2020/08/02,632.91
40209,2020/08/09,632.91
40209,2020/08/16,632.91
40209,2020/08/23,632.91
40209,2020/08/30,632.91
40209,2020/09/06,949.37
40209,2020/09/13,1265.82
40209,2020/09/20,1265.82
40209,2020/09/27,2531.65
40209,2020/10/04,2531.65
40209,2020/10/11,2531.65
40209,2020/10/18,3481.01
40209,2020/10/25,3797.47
40209,2020/11/01,4746.84
40209,2020/11/08,6329.11
40209,2020/11/15,8227.85
40209,2020/11/22,9810.13
40209,2020/11/29,10443.04
40209,2020/12/06,12341.77
40209,2020/12/13,12974.68
40209,2020/12/20,14240.51
40209,2020/12/27,14240.51
40209,2021/01/03,14873.42
40209,2021/01/10,15189.87
40209,2021/01/17,17088.61
40209,2021/01/24,17721.52
40209,2021/01/31,17721.52
40209,2021/02/07,18354.43
40209,2021/02/14,19303.8
40209,2021/02/21,19936.71
40209,2021/02/28,21202.53
40209,2021/03/07,21202.53
40209,2021/03/14,21518.99
40209,2021/03/21,21518.99
40209,2021/03/28,21518.99
40209,2021/04/04,21518.99
40209,2021/04/11,21835.44
40209,2021/04/18,21835.44
40209,2021/04/25,21835.44
40209,2021/05/02,21835.44
40209,2021/05/09,21835.44
40209,2021/05/16,22468.35
40209,2021/05/23,22468.35
40209,2021/05/30,22468.35
40209,2021/06/06,22468.35
40209,2021/06/13,22468.35
40209,2021/06/20,22468.35
40209,2021/06/27,22468.35
40209,2021/07/04,22468.35
40209,2021/07/11,22468.35
40209,2021/07/18,22468.35
40209,2021/07/25,22468.35
40209,2021/08/01,22468.35
40209,2021/08/08,22468.35
40209,2021/08/15,23101.27
40209,2021/08/22,23734.18
40209,2021/08/29,24683.54
40209,2021/09/05,25000
40209,2021/09/12,26265.82
40209,2021/09/19,27848.1
40209,2021/09/26,29113.92
40209,2021/10/03,30379.75
40209,2021/10/10,30379.75
40209,2021/10/17,30379.75
40213,2020/04/26,0
40213,2020/05/03,0
40213,2020/05/10,0
40213,2020/05/17,6.14
40213,2020/05/24,18.41
40213,2020/05/31,429.55
40213,2020/06/07,503.19
40213,2020/06/14,552.28
40213,2020/06/21,589.1
40213,2020/06/28,644.33
40213,2020/07/05,668.88
40213,2020/07/12,730.24
40213,2020/07/19,883.65
40213,2020/07/26,1006.38
40213,2020/08/02,1122.97
40213,2020/08/09,1356.16
40213,2020/08/16,1577.07
40213,2020/08/23,1687.53
40213,2020/08/30,1871.62
40213,2020/09/06,1963.67
40213,2020/09/13,2031.17
40213,2020/09/20,2135.49
40213,2020/09/27,2331.86
40213,2020/10/04,2454.59
40213,2020/10/11,2620.27
40213,2020/10/18,2816.64
40213,2020/10/25,3203.24
40213,2020/11/01,3516.2
40213,2020/11/08,3865.98
40213,2020/11/15,4252.58
40213,2020/11/22,4743.5
40213,2020/11/29,5166.91
40213,2020/12/06,5504.42
40213,2020/12/13,5743.74
40213,2020/12/20,5958.52
40213,2020/12/27,6308.3
40213,2021/01/03,6725.58
40213,2021/01/10,7167.4
40213,2021/01/17,7572.41
40213,2021/01/24,7946.74
40213,2021/01/31,8179.92
40213,2021/02/07,8400.83
40213,2021/02/14,8621.75
40213,2021/02/21,8842.66
40213,2021/02/28,8953.12
40213,2021/03/07,9008.35
40213,2021/03/14,9081.98
40213,2021/03/21,9131.08
40213,2021/03/28,9186.3
40213,2021/04/04,9259.94
40213,2021/04/11,9351.99
40213,2021/04/18,9425.63
40213,2021/04/25,9579.04
40213,2021/05/02,9634.27
40213,2021/05/09,9714.04
40213,2021/05/16,9799.95
40213,2021/05/23,9812.22
40213,2021/05/30,9830.63
40213,2021/06/06,9836.77
40213,2021/06/13,9849.04
40213,2021/06/20,9849.04
40213,2021/06/27,9916.54
40213,2021/07/04,9953.36
40213,2021/07/11,9996.32
40213,2021/07/18,10045.41
40213,2021/07/25,10149.73
40213,2021/08/01,10260.19
40213,2021/08/08,10462.69
40213,2021/08/15,10708.15
40213,2021/08/22,11205.2
40213,2021/08/29,11591.8
40213,2021/09/05,11898.63
40213,2021/09/12,12303.63
40213,2021/09/19,12727.05
40213,2021/09/26,13181.15
40213,2021/10/03,13512.52
40213,2021/10/10,13690.48
40213,2021/10/17,13892.98
40206,2020/04/26,0
40206,2020/05/03,0
40206,2020/05/10,0
40206,2020/05/17,5.08
40206,2020/05/24,15.23
40206,2020/05/31,350.38
40206,2020/06/07,406.24
40206,2020/06/14,441.78
40206,2020/06/21,467.17
40206,2020/06/28,482.4
40206,2020/07/05,538.26
40206,2020/07/12,619.51
40206,2020/07/19,731.22
40206,2020/07/26,797.24
40206,2020/08/02,888.64
40206,2020/08/09,969.89
40206,2020/08/16,1091.76
40206,2020/08/23,1147.62
40206,2020/08/30,1279.64
40206,2020/09/06,1376.12
40206,2020/09/13,1437.06
40206,2020/09/20,1599.55
40206,2020/09/27,1726.5
40206,2020/10/04,1858.53
40206,2020/10/11,1995.63
40206,2020/10/18,2137.82
40206,2020/10/25,2406.95
40206,2020/11/01,2630.38
40206,2020/11/08,3006.14
40206,2020/11/15,3386.99
40206,2020/11/22,3844.01
40206,2020/11/29,4265.48
40206,2020/12/06,4610.78
40206,2020/12/13,4849.44
40206,2020/12/20,5072.87
40206,2020/12/27,5347.08
40206,2021/01/03,5753.31
40206,2021/01/10,6276.34
40206,2021/01/17,6565.78
40206,2021/01/24,6809.53
40206,2021/01/31,7098.97
40206,2021/02/07,7342.71
40206,2021/02/14,7464.58
40206,2021/02/21,7550.91
40206,2021/02/28,7632.15
40206,2021/03/07,7754.02
40206,2021/03/14,7855.58
40206,2021/03/21,7957.14
40206,2021/03/28,8013
40206,2021/04/04,8094.25
40206,2021/04/11,8170.42
40206,2021/04/18,8216.12
40206,2021/04/25,8271.97
40206,2021/05/02,8307.52
40206,2021/05/09,8332.91
40206,2021/05/16,8368.46
40206,2021/05/23,8424.31
40206,2021/05/30,8475.09
40206,2021/06/06,8490.33
40206,2021/06/13,8500.48
40206,2021/06/20,8510.64
40206,2021/06/27,8541.11
40206,2021/07/04,8561.42
40206,2021/07/11,8632.51
40206,2021/07/18,8657.9
40206,2021/07/25,8728.99
40206,2021/08/01,8982.89
40206,2021/08/08,9231.71
40206,2021/08/15,9434.82
40206,2021/08/22,9769.97
40206,2021/08/29,10125.43
40206,2021/09/05,10414.87
40206,2021/09/12,10699.23
40206,2021/09/19,10876.96
40206,2021/09/26,11191.79
40206,2021/10/03,11354.29
40206,2021/10/10,11491.39
40206,2021/10/17,11638.65
40219,2020/04/26,0
40219,2020/05/03,0
40219,2020/05/10,0
40219,2020/05/17,9.97
40219,2020/05/24,19.95
40219,2020/05/31,556.03
40219,2020/06/07,638.31
40219,2020/06/14,690.67
40219,2020/06/21,762.98
40219,2020/06/28,815.34
40219,2020/07/05,862.71
40219,2020/07/12,947.49
40219,2020/07/19,1099.59
40219,2020/07/26,1279.11
40219,2020/08/02,1393.81
40219,2020/08/09,1575.82
40219,2020/08/16,1735.4
40219,2020/08/23,1850.1
40219,2020/08/30,2014.66
40219,2020/09/06,2104.42
40219,2020/09/13,2196.68
40219,2020/09/20,2318.86
40219,2020/09/27,2483.42
40219,2020/10/04,2680.4
40219,2020/10/11,2859.92
40219,2020/10/18,3081.83
40219,2020/10/25,3396
40219,2020/11/01,3655.31
40219,2020/11/08,4054.26
40219,2020/11/15,4465.67
40219,2020/11/22,4877.08
40219,2020/11/29,5375.75
40219,2020/12/06,5844.51
40219,2020/12/13,6158.68
40219,2020/12/20,6452.9
40219,2020/12/27,6841.87
40219,2021/01/03,7402.88
40219,2021/01/10,7896.57
40219,2021/01/17,8357.85
40219,2021/01/24,8724.38
40219,2021/01/31,8963.75
40219,2021/02/07,9255.47
40219,2021/02/14,9484.87
40219,2021/02/21,9691.82
40219,2021/02/28,9851.39
40219,2021/03/07,10023.44
40219,2021/03/14,10210.44
40219,2021/03/21,10290.23
40219,2021/03/28,10367.53
40219,2021/04/04,10482.22
40219,2021/04/11,10604.4
40219,2021/04/18,10689.17
40219,2021/04/25,10846.26
40219,2021/05/02,10978.41
40219,2021/05/09,11075.65
40219,2021/05/16,11185.36
40219,2021/05/23,11240.21
40219,2021/05/30,11272.63
40219,2021/06/06,11329.98
40219,2021/06/13,11334.96
40219,2021/06/20,11364.88
40219,2021/06/27,11387.32
40219,2021/07/04,11412.26
40219,2021/07/11,11444.67
40219,2021/07/18,11526.95
40219,2021/07/25,11624.2
40219,2021/08/01,11846.11
40219,2021/08/08,12080.49
40219,2021/08/15,12496.88
40219,2021/08/22,13040.44
40219,2021/08/29,13509.2
40219,2021/09/05,13880.72
40219,2021/09/12,14294.62
40219,2021/09/19,14671.12
40219,2021/09/26,15154.84
40219,2021/10/03,15526.36
40219,2021/10/10,15763.23
40219,2021/10/17,15945.25
40025,2020/04/26,0
40025,2020/05/03,0
40025,2020/05/10,0
40025,2020/05/17,0
40025,2020/05/24,0
40025,2020/05/31,0
40025,2020/06/07,0
40025,2020/06/14,0
40025,2020/06/21,0
40025,2020/06/28,0
40025,2020/07/05,0
40025,2020/07/12,0
40025,2020/07/19,0
40025,2020/07/26,0
40025,2020/08/02,0
40025,2020/08/09,0
40025,2020/08/16,1098.9
40025,2020/08/23,1098.9
40025,2020/08/30,1098.9
40025,2020/09/06,1098.9
40025,2020/09/13,1098.9
40025,2020/09/20,1098.9
40025,2020/09/27,1098.9
40025,2020/10/04,1098.9
40025,2020/10/11,1098.9
40025,2020/10/18,1098.9
40025,2020/10/25,1098.9
40025,2020/11/01,1098.9
40025,2020/11/08,3296.7
40025,2020/11/15,3296.7
40025,2020/11/22,3296.7
40025,2020/11/29,3296.7
40025,2020/12/06,3296.7
40025,2020/12/13,3296.7
40025,2020/12/20,3296.7
40025,2020/12/27,3296.7
40025,2021/01/03,3296.7
40025,2021/01/10,4395.6
40025,2021/01/17,4395.6
40025,2021/01/24,4395.6
40025,2021/01/31,4395.6
40025,2021/02/07,4395.6
40025,2021/02/14,4395.6
40025,2021/02/21,4395.6
40025,2021/02/28,4395.6
40025,2021/03/07,4395.6
40025,2021/03/14,4395.6
40025,2021/03/21,4395.6
40025,2021/03/28,4395.6
40025,2021/04/04,4395.6
40025,2021/04/11,5494.51
40025,2021/04/18,5494.51
40025,2021/04/25,5494.51
40025,2021/05/02,5494.51
40025,2021/05/09,5494.51
40025,2021/05/16,5494.51
40025,2021/05/23,5494.51
40025,2021/05/30,5494.51
40025,2021/06/06,5494.51
40025,2021/06/13,5494.51
40025,2021/06/20,5494.51
40025,2021/06/27,5494.51
40025,2021/07/04,5494.51
40025,2021/07/11,5494.51
40025,2021/07/18,5494.51
40025,2021/07/25,5494.51
40025,2021/08/01,5494.51
40025,2021/08/08,5494.51
40025,2021/08/15,5494.51
40025,2021/08/22,5494.51
40025,2021/08/29,6593.41
40025,2021/09/05,7692.31
40025,2021/09/12,7692.31
40025,2021/09/19,7692.31
40025,2021/09/26,7692.31
40025,2021/10/03,7692.31
40025,2021/10/10,9890.11
40025,2021/10/17,9890.11
40216,2020/04/26,0
40216,2020/05/03,0
40216,2020/05/10,0
40216,2020/05/17,16.66
40216,2020/05/24,28.55
40216,2020/05/31,383.07
40216,2020/06/07,406.86
40216,2020/06/14,430.66
40216,2020/06/21,449.69
40216,2020/06/28,483
40216,2020/07/05,525.83
40216,2020/07/12,566.28
40216,2020/07/19,701.9
40216,2020/07/26,856.55
40216,2020/08/02,999.31
40216,2020/08/09,1277.69
40216,2020/08/16,1506.1
40216,2020/08/23,1656
40216,2020/08/30,1839.21
40216,2020/09/06,1924.86
40216,2020/09/13,2024.79
40216,2020/09/20,2139
40216,2020/09/27,2426.9
40216,2020/10/04,2643.41
40216,2020/10/11,2850.41
40216,2020/10/18,3150.21
40216,2020/10/25,3469.03
40216,2020/11/01,3795
40216,2020/11/08,4270.86
40216,2020/11/15,4834.76
40216,2020/11/22,5324.89
40216,2020/11/29,5810.27
40216,2020/12/06,6259.96
40216,2020/12/13,6662.07
40216,2020/12/20,7042.76
40216,2020/12/27,7492.45
40216,2021/01/03,7984.96
40216,2021/01/10,8401.34
40216,2021/01/17,8741.58
40216,2021/01/24,9105.62
40216,2021/01/31,9341.17
40216,2021/02/07,9624.31
40216,2021/02/14,9774.2
40216,2021/02/21,9900.31
40216,2021/02/28,10016.89
40216,2021/03/07,10133.48
40216,2021/03/14,10240.55
40216,2021/03/21,10354.76
40216,2021/03/28,10414.24
40216,2021/04/04,10526.07
40216,2021/04/11,10673.58
40216,2021/04/18,10775.89
40216,2021/04/25,10973.38
40216,2021/05/02,11085.2
40216,2021/05/09,11213.69
40216,2021/05/16,11318.38
40216,2021/05/23,11382.62
40216,2021/05/30,11423.07
40216,2021/06/06,11463.51
40216,2021/06/13,11511.1
40216,2021/06/20,11544.41
40216,2021/06/27,11572.96
40216,2021/07/04,11599.13
40216,2021/07/11,11677.65
40216,2021/07/18,11772.82
40216,2021/07/25,11975.06
40216,2021/08/01,12241.55
40216,2021/08/08,12596.06
40216,2021/08/15,13169.48
40216,2021/08/22,13716.72
40216,2021/08/29,14268.72
40216,2021/09/05,14668.44
40216,2021/09/12,15213.31
40216,2021/09/19,15505.96
40216,2021/09/26,16141.24
40216,2021/10/03,16564.75
40216,2021/10/10,16828.86
40216,2021/10/17,17054.89
40205,2020/04/26,0
40205,2020/05/03,0
40205,2020/05/10,0
40205,2020/05/17,4.09
40205,2020/05/24,12.26
40205,2020/05/31,335.01
40205,2020/06/07,478
40205,2020/06/14,498.43
40205,2020/06/21,506.6
40205,2020/06/28,535.2
40205,2020/07/05,584.22
40205,2020/07/12,645.5
40205,2020/07/19,776.24
40205,2020/07/26,845.69
40205,2020/08/02,931.49
40205,2020/08/09,1000.94
40205,2020/08/16,1094.91
40205,2020/08/23,1176.61
40205,2020/08/30,1344.12
40205,2020/09/06,1401.32
40205,2020/09/13,1483.02
40205,2020/09/20,1572.91
40205,2020/09/27,1621.93
40205,2020/10/04,1715.9
40205,2020/10/11,1838.46
40205,2020/10/18,2038.65
40205,2020/10/25,2406.34
40205,2020/11/01,2696.41
40205,2020/11/08,3129.47
40205,2020/11/15,3578.87
40205,2020/11/22,3926.13
40205,2020/11/29,4252.97
40205,2020/12/06,4506.27
40205,2020/12/13,4730.97
40205,2020/12/20,4992.44
40205,2020/12/27,5258
40205,2021/01/03,5650.2
40205,2021/01/10,5972.95
40205,2021/01/17,6283.45
40205,2021/01/24,6671.57
40205,2021/01/31,6900.36
40205,2021/02/07,7108.71
40205,2021/02/14,7223.11
40205,2021/02/21,7333.42
40205,2021/02/28,7398.78
40205,2021/03/07,7476.41
40205,2021/03/14,7545.86
40205,2021/03/21,7615.31
40205,2021/03/28,7664.34
40205,2021/04/04,7697.02
40205,2021/04/11,7754.22
40205,2021/04/18,7790.99
40205,2021/04/25,7864.53
40205,2021/05/02,7901.3
40205,2021/05/09,7913.55
40205,2021/05/16,7938.06
40205,2021/05/23,7958.49
40205,2021/05/30,7962.58
40205,2021/06/06,7962.58
40205,2021/06/13,7974.83
40205,2021/06/20,7983
40205,2021/06/27,7999.35
40205,2021/07/04,8027.94
40205,2021/07/11,8060.63
40205,2021/07/18,8126
40205,2021/07/25,8236.3
40205,2021/08/01,8407.89
40205,2021/08/08,8604
40205,2021/08/15,8853.21
40205,2021/08/22,9049.31
40205,2021/08/29,9224.99
40205,2021/09/05,9429.26
40205,2021/09/12,9678.47
40205,2021/09/19,9833.72
40205,2021/09/26,10074.76
40205,2021/10/03,10213.67
40205,2021/10/10,10360.75
40205,2021/10/17,10450.63
40211,2020/04/26,0
40211,2020/05/03,0
40211,2020/05/10,0
40211,2020/05/17,13.3
40211,2020/05/24,22.17
40211,2020/05/31,341.37
40211,2020/06/07,394.57
40211,2020/06/14,421.17
40211,2020/06/21,434.47
40211,2020/06/28,456.64
40211,2020/07/05,500.98
40211,2020/07/12,545.31
40211,2020/07/19,673.88
40211,2020/07/26,815.75
40211,2020/08/02,979.78
40211,2020/08/09,1157.12
40211,2020/08/16,1365.49
40211,2020/08/23,1471.89
40211,2020/08/30,1613.76
40211,2020/09/06,1702.43
40211,2020/09/13,1768.93
40211,2020/09/20,1910.8
40211,2020/09/27,2163.5
40211,2020/10/04,2318.67
40211,2020/10/11,2513.74
40211,2020/10/18,2757.58
40211,2020/10/25,2970.38
40211,2020/11/01,3209.79
40211,2020/11/08,3475.79
40211,2020/11/15,3839.33
40211,2020/11/22,4131.94
40211,2020/11/29,4455.58
40211,2020/12/06,4726.02
40211,2020/12/13,5009.75
40211,2020/12/20,5249.16
40211,2020/12/27,5448.66
40211,2021/01/03,5759
40211,2021/01/10,5949.64
40211,2021/01/17,6153.57
40211,2021/01/24,6424.01
40211,2021/01/31,6627.95
40211,2021/02/07,6814.15
40211,2021/02/14,6933.85
40211,2021/02/21,7018.09
40211,2021/02/28,7089.02
40211,2021/03/07,7146.66
40211,2021/03/14,7199.86
40211,2021/03/21,7288.53
40211,2021/03/28,7350.59
40211,2021/04/04,7412.66
40211,2021/04/11,7541.23
40211,2021/04/18,7625.47
40211,2021/04/25,7780.63
40211,2021/05/02,7909.2
40211,2021/05/09,8028.91
40211,2021/05/16,8157.47
40211,2021/05/23,8277.18
40211,2021/05/30,8330.38
40211,2021/06/06,8396.88
40211,2021/06/13,8419.05
40211,2021/06/20,8445.65
40211,2021/06/27,8489.98
40211,2021/07/04,8512.15
40211,2021/07/11,8543.18
40211,2021/07/18,8649.58
40211,2021/07/25,8831.35
40211,2021/08/01,9146.13
40211,2021/08/08,9514.1
40211,2021/08/15,10077.14
40211,2021/08/22,10609.15
40211,2021/08/29,11123.43
40211,2021/09/05,11611.1
40211,2021/09/12,12120.94
40211,2021/09/19,12440.15
40211,2021/09/26,12865.76
40211,2021/10/03,13198.26
40211,2021/10/10,13419.93
40211,2021/10/17,13588.4
40272,2020/04/26,0
40272,2020/05/03,0
40272,2020/05/10,0
40272,2020/05/17,2.63
40272,2020/05/24,13.13
40272,2020/05/31,396.38
40272,2020/06/07,427.88
40272,2020/06/14,501.38
40272,2020/06/21,525
40272,2020/06/28,548.63
40272,2020/07/05,577.5
40272,2020/07/12,624.75
40272,2020/07/19,714
40272,2020/07/26,798
40272,2020/08/02,874.13
40272,2020/08/09,966.01
40272,2020/08/16,1107.76
40272,2020/08/23,1215.38
40272,2020/08/30,1401.76
40272,2020/09/06,1451.63
40272,2020/09/13,1504.13
40272,2020/09/20,1593.38
40272,2020/09/27,1756.14
40272,2020/10/04,1916.26
40272,2020/10/11,2063.26
40272,2020/10/18,2286.39
40272,2020/10/25,2522.64
40272,2020/11/01,2806.14
40272,2020/11/08,3223.52
40272,2020/11/15,3724.9
40272,2020/11/22,4147.53
40272,2020/11/29,4622.65
40272,2020/12/06,4982.28
40272,2020/12/13,5271.03
40272,2020/12/20,5517.78
40272,2020/12/27,5874.79
40272,2021/01/03,6307.91
40272,2021/01/10,6769.92
40272,2021/01/17,7098.04
40272,2021/01/24,7541.67
40272,2021/01/31,7875.05
40272,2021/02/07,8171.68
40272,2021/02/14,8352.8
40272,2021/02/21,8549.68
40272,2021/02/28,8699.3
40272,2021/03/07,8822.68
40272,2021/03/14,8951.31
40272,2021/03/21,9056.31
40272,2021/03/28,9129.81
40272,2021/04/04,9184.93
40272,2021/04/11,9250.56
40272,2021/04/18,9313.56
40272,2021/04/25,9410.68
40272,2021/05/02,9539.31
40272,2021/05/09,9583.93
40272,2021/05/16,9636.44
40272,2021/05/23,9660.06
40272,2021/05/30,9678.44
40272,2021/06/06,9691.56
40272,2021/06/13,9712.56
40272,2021/06/20,9738.81
40272,2021/06/27,9757.19
40272,2021/07/04,9775.56
40272,2021/07/11,9822.81
40272,2021/07/18,9906.81
40272,2021/07/25,10140.44
40272,2021/08/01,10400.32
40272,2021/08/08,10715.32
40272,2021/08/15,11219.32
40272,2021/08/22,11773.2
40272,2021/08/29,12413.7
40272,2021/09/05,12878.33
40272,2021/09/12,13424.33
40272,2021/09/19,13752.46
40272,2021/09/26,14432.34
40272,2021/10/03,14923.22
40272,2021/10/10,15269.72
40272,2021/10/17,15511.22
40217,2020/04/26,0
40217,2020/05/03,0
40217,2020/05/10,0
40217,2020/05/17,0
40217,2020/05/24,15.79
40217,2020/05/31,363.06
40217,2020/06/07,394.63
40217,2020/06/14,410.42
40217,2020/06/21,426.2
40217,2020/06/28,449.88
40217,2020/07/05,497.24
40217,2020/07/12,544.59
40217,2020/07/19,678.77
40217,2020/07/26,773.48
40217,2020/08/02,820.84
40217,2020/08/09,978.69
40217,2020/08/16,1428.57
40217,2020/08/23,1657.46
40217,2020/08/30,1862.67
40217,2020/09/06,1973.16
40217,2020/09/13,2099.45
40217,2020/09/20,2233.62
40217,2020/09/27,2399.37
40217,2020/10/04,2478.3
40217,2020/10/11,2667.72
40217,2020/10/18,2857.14
40217,2020/10/25,3133.39
40217,2020/11/01,3472.77
40217,2020/11/08,4041.04
40217,2020/11/15,4522.49
40217,2020/11/22,4853.99
40217,2020/11/29,5367.01
40217,2020/12/06,5824.78
40217,2020/12/13,6124.7
40217,2020/12/20,6322.02
40217,2020/12/27,6700.87
40217,2021/01/03,7158.64
40217,2021/01/10,7490.13
40217,2021/01/17,7853.2
40217,2021/01/24,8224.15
40217,2021/01/31,8437.25
40217,2021/02/07,8674.03
40217,2021/02/14,8847.67
40217,2021/02/21,9013.42
40217,2021/02/28,9068.67
40217,2021/03/07,9171.27
40217,2021/03/14,9289.66
40217,2021/03/21,9368.59
40217,2021/03/28,9486.98
40217,2021/04/04,9589.58
40217,2021/04/11,9644.83
40217,2021/04/18,9692.19
40217,2021/04/25,9771.11
40217,2021/05/02,9810.58
40217,2021/05/09,9889.5
40217,2021/05/16,9936.86
40217,2021/05/23,9984.21
40217,2021/05/30,10000
40217,2021/06/06,10023.68
40217,2021/06/13,10039.46
40217,2021/06/20,10078.93
40217,2021/06/27,10094.71
40217,2021/07/04,10102.6
40217,2021/07/11,10126.28
40217,2021/07/18,10205.21
40217,2021/07/25,10299.92
40217,2021/08/01,10465.67
40217,2021/08/08,10647.2
40217,2021/08/15,10899.76
40217,2021/08/22,11223.36
40217,2021/08/29,11539.07
40217,2021/09/05,11846.88
40217,2021/09/12,12296.76
40217,2021/09/19,12580.9
40217,2021/09/26,12943.96
40217,2021/10/03,13172.85
40217,2021/10/10,13346.49
40217,2021/10/17,13441.2
40059,2020/04/26,0
40059,2020/05/03,0
40059,2020/05/10,0
40059,2020/05/17,0
40059,2020/05/24,5.03
40059,2020/05/31,497.84
40059,2020/06/07,543.1
40059,2020/06/14,583.32
40059,2020/06/21,608.47
40059,2020/06/28,643.67
40059,2020/07/05,678.87
40059,2020/07/12,754.3
40059,2020/07/19,864.93
40059,2020/07/26,1010.76
40059,2020/08/02,1121.39
40059,2020/08/09,1196.82
40059,2020/08/16,1287.34
40059,2020/08/23,1362.77
40059,2020/08/30,1448.26
40059,2020/09/06,1528.71
40059,2020/09/13,1639.34
40059,2020/09/20,1719.8
40059,2020/09/27,1820.38
40059,2020/10/04,1890.78
40059,2020/10/11,1981.29
40059,2020/10/18,2117.07
40059,2020/10/25,2303.13
40059,2020/11/01,2453.99
40059,2020/11/08,2690.33
40059,2020/11/15,2946.8
40059,2020/11/22,3288.75
40059,2020/11/29,3630.69
40059,2020/12/06,3947.5
40059,2020/12/13,4103.39
40059,2020/12/20,4254.25
40059,2020/12/27,4455.4
40059,2021/01/03,4832.55
40059,2021/01/10,5184.55
40059,2021/01/17,5441.01
40059,2021/01/24,5632.1
40059,2021/01/31,5833.25
40059,2021/02/07,5918.74
40059,2021/02/14,5994.17
40059,2021/02/21,6069.6
40059,2021/02/28,6134.97
40059,2021/03/07,6195.31
40059,2021/03/14,6305.94
40059,2021/03/21,6346.17
40059,2021/03/28,6386.4
40059,2021/04/04,6401.49
40059,2021/04/11,6421.6
40059,2021/04/18,6441.72
40059,2021/04/25,6486.98
40059,2021/05/02,6542.29
40059,2021/05/09,6572.46
40059,2021/05/16,6582.52
40059,2021/05/23,6592.58
40059,2021/05/30,6597.61
40059,2021/06/06,6607.66
40059,2021/06/13,6607.66
40059,2021/06/20,6612.69
40059,2021/06/27,6632.81
40059,2021/07/04,6647.89
40059,2021/07/11,6673.04
40059,2021/07/18,6748.47
40059,2021/07/25,6838.98
40059,2021/08/01,6989.84
40059,2021/08/08,7150.76
40059,2021/08/15,7392.14
40059,2021/08/22,7734.08
40059,2021/08/29,8071
40059,2021/09/05,8267.12
40059,2021/09/12,8513.53
40059,2021/09/19,8684.5
40059,2021/09/26,8930.91
40059,2021/10/03,9116.97
40059,2021/10/10,9217.54
40059,2021/10/17,9292.97
40208,2020/04/26,0
40208,2020/05/03,0
40208,2020/05/10,0
40208,2020/05/17,6.24
40208,2020/05/24,12.47
40208,2020/05/31,255.67
40208,2020/06/07,311.8
40208,2020/06/14,336.74
40208,2020/06/21,367.92
40208,2020/06/28,386.63
40208,2020/07/05,517.59
40208,2020/07/12,561.24
40208,2020/07/19,642.3
40208,2020/07/26,723.37
40208,2020/08/02,885.51
40208,2020/08/09,1172.36
40208,2020/08/16,1334.5
40208,2020/08/23,1527.81
40208,2020/08/30,1708.66
40208,2020/09/06,1839.61
40208,2020/09/13,2020.45
40208,2020/09/20,2232.48
40208,2020/09/27,2562.98
40208,2020/10/04,2743.83
40208,2020/10/11,2905.96
40208,2020/10/18,3136.69
40208,2020/10/25,3479.67
40208,2020/11/01,3648.04
40208,2020/11/08,4053.38
40208,2020/11/15,4433.77
40208,2020/11/22,4683.21
40208,2020/11/29,5007.48
40208,2020/12/06,5275.63
40208,2020/12/13,5487.65
40208,2020/12/20,5631.08
40208,2020/12/27,5861.81
40208,2021/01/03,6080.07
40208,2021/01/10,6323.27
40208,2021/01/17,6597.66
40208,2021/01/24,6872.04
40208,2021/01/31,7052.88
40208,2021/02/07,7327.26
40208,2021/02/14,7420.8
40208,2021/02/21,7564.23
40208,2021/02/28,7639.06
40208,2021/03/07,7732.6
40208,2021/03/14,7807.43
40208,2021/03/21,7869.79
40208,2021/03/28,7894.74
40208,2021/04/04,7944.62
40208,2021/04/11,8019.46
40208,2021/04/18,8069.34
40208,2021/04/25,8088.05
40208,2021/05/02,8131.7
40208,2021/05/09,8181.59
40208,2021/05/16,8206.54
40208,2021/05/23,8237.72
40208,2021/05/30,8250.19
40208,2021/06/06,8287.6
40208,2021/06/13,8331.25
40208,2021/06/20,8349.96
40208,2021/06/27,8424.79
40208,2021/07/04,8462.21
40208,2021/07/11,8499.63
40208,2021/07/18,8574.46
40208,2021/07/25,8655.53
40208,2021/08/01,8836.37
40208,2021/08/08,9048.39
40208,2021/08/15,9322.77
40208,2021/08/22,9790.47
40208,2021/08/29,10083.56
40208,2021/09/05,10339.24
40208,2021/09/12,10569.97
40208,2021/09/19,10794.46
40208,2021/09/26,11087.55
40208,2021/10/03,11274.63
40208,2021/10/10,11449.24
40208,2021/10/17,11492.89
40225,2020/04/26,0
40225,2020/05/03,0
40225,2020/05/10,0
40225,2020/05/17,0
40225,2020/05/24,0
40225,2020/05/31,0
40225,2020/06/07,0
40225,2020/06/14,0
40225,2020/06/21,0
40225,2020/06/28,0
40225,2020/07/05,0
40225,2020/07/12,0
40225,2020/07/19,0
40225,2020/07/26,0
40225,2020/08/02,0
40225,2020/08/09,0
40225,2020/08/16,0
40225,2020/08/23,0
40225,2020/08/30,0
40225,2020/09/06,0
40225,2020/09/13,0
40225,2020/09/20,0
40225,2020/09/27,0
40225,2020/10/04,0
40225,2020/10/11,0
40225,2020/10/18,0
40225,2020/10/25,0
40225,2020/11/01,0
40225,2020/11/08,0
40225,2020/11/15,0
40225,2020/11/22,0
40225,2020/11/29,0
40225,2020/12/06,0
40225,2020/12/13,0
40225,2020/12/20,0
40225,2020/12/27,0
40225,2021/01/03,0
40225,2021/01/10,0
40225,2021/01/17,0
40225,2021/01/24,0
40225,2021/01/31,0
40225,2021/02/07,0
40225,2021/02/14,0
40225,2021/02/21,0
40225,2021/02/28,0
40225,2021/03/07,0
40225,2021/03/14,0
40225,2021/03/21,0
40225,2021/03/28,0
40225,2021/04/04,0
40225,2021/04/11,0
40225,2021/04/18,0
40225,2021/04/25,0
40225,2021/05/02,0
40225,2021/05/09,0
40225,2021/05/16,0
40225,2021/05/23,0
40225,2021/05/30,0
40225,2021/06/06,0
40225,2021/06/13,0
40225,2021/06/20,0
40225,2021/06/27,0
40225,2021/07/04,0
40225,2021/07/11,0
40225,2021/07/18,0
40225,2021/07/25,0
40225,2021/08/01,0
40225,2021/08/08,0
40225,2021/08/15,0
40225,2021/08/22,0
40225,2021/08/29,0
40225,2021/09/05,0
40225,2021/09/12,0
40225,2021/09/19,0
40225,2021/09/26,0
40225,2021/10/03,0
40225,2021/10/10,0
40225,2021/10/17,0
40229,2020/04/26,0
40229,2020/05/03,0
40229,2020/05/10,0
40229,2020/05/17,5.09
40229,2020/05/24,7.64
40229,2020/05/31,267.25
40229,2020/06/07,297.79
40229,2020/06/14,346.15
40229,2020/06/21,358.88
40229,2020/06/28,386.88
40229,2020/07/05,414.87
40229,2020/07/12,455.6
40229,2020/07/19,570.13
40229,2020/07/26,692.31
40229,2020/08/02,845.02
40229,2020/08/09,946.83
40229,2020/08/16,1071.55
40229,2020/08/23,1186.08
40229,2020/08/30,1272.62
40229,2020/09/06,1343.89
40229,2020/09/13,1399.88
40229,2020/09/20,1486.42
40229,2020/09/27,1570.41
40229,2020/10/04,1697.68
40229,2020/10/11,1860.57
40229,2020/10/18,2089.64
40229,2020/10/25,2369.62
40229,2020/11/01,2616.51
40229,2020/11/08,3016.11
40229,2020/11/15,3405.53
40229,2020/11/22,3845.86
40229,2020/11/29,4286.19
40229,2020/12/06,4667.97
40229,2020/12/13,4986.13
40229,2020/12/20,5273.74
40229,2020/12/27,5586.81
40229,2021/01/03,6027.13
40229,2021/01/10,6439.46
40229,2021/01/17,6767.8
40229,2021/01/24,7065.59
40229,2021/01/31,7256.48
40229,2021/02/07,7442.29
40229,2021/02/14,7589.91
40229,2021/02/21,7729.9
40229,2021/02/28,7864.8
40229,2021/03/07,7984.42
40229,2021/03/14,8078.6
40229,2021/03/21,8160.04
40229,2021/03/28,8259.31
40229,2021/04/04,8325.49
40229,2021/04/11,8409.48
40229,2021/04/18,8460.38
40229,2021/04/25,8539.29
40229,2021/05/02,8618.19
40229,2021/05/09,8707.27
40229,2021/05/16,8793.81
40229,2021/05/23,8847.26
40229,2021/05/30,8872.71
40229,2021/06/06,8915.98
40229,2021/06/13,8923.62
40229,2021/06/20,8936.34
40229,2021/06/27,8964.34
40229,2021/07/04,8979.61
40229,2021/07/11,9045.79
40229,2021/07/18,9142.51
40229,2021/07/25,9287.59
40229,2021/08/01,9486.12
40229,2021/08/08,9778.82
40229,2021/08/15,10117.34
40229,2021/08/22,10702.74
40229,2021/08/29,11272.88
40229,2021/09/05,11817.56
40229,2021/09/12,12476.77
40229,2021/09/19,12906.92
40229,2021/09/26,13393.06
40229,2021/10/03,13779.94
40229,2021/10/10,14054.82
40229,2021/10/17,14266.08
40212,2020/04/26,0
40212,2020/05/03,0
40212,2020/05/10,0
40212,2020/05/17,17.96
40212,2020/05/24,23.95
40212,2020/05/31,365.27
40212,2020/06/07,389.22
40212,2020/06/14,413.17
40212,2020/06/21,443.11
40212,2020/06/28,473.05
40212,2020/07/05,514.97
40212,2020/07/12,562.87
40212,2020/07/19,712.57
40212,2020/07/26,856.29
40212,2020/08/02,1047.9
40212,2020/08/09,1257.49
40212,2020/08/16,1401.2
40212,2020/08/23,1491.02
40212,2020/08/30,1622.75
40212,2020/09/06,1694.61
40212,2020/09/13,1730.54
40212,2020/09/20,1844.31
40212,2020/09/27,1940.12
40212,2020/10/04,2065.87
40212,2020/10/11,2203.59
40212,2020/10/18,2341.32
40212,2020/10/25,2568.86
40212,2020/11/01,2778.44
40212,2020/11/08,3167.66
40212,2020/11/15,3508.98
40212,2020/11/22,3736.53
40212,2020/11/29,4047.9
40212,2020/12/06,4383.23
40212,2020/12/13,4550.9
40212,2020/12/20,4748.5
40212,2020/12/27,4922.16
40212,2021/01/03,5263.47
40212,2021/01/10,5514.97
40212,2021/01/17,5754.49
40212,2021/01/24,5994.01
40212,2021/01/31,6137.72
40212,2021/02/07,6323.35
40212,2021/02/14,6425.15
40212,2021/02/21,6574.85
40212,2021/02/28,6664.67
40212,2021/03/07,6760.48
40212,2021/03/14,6832.34
40212,2021/03/21,6904.19
40212,2021/03/28,6928.14
40212,2021/04/04,7000
40212,2021/04/11,7113.77
40212,2021/04/18,7251.5
40212,2021/04/25,7377.25
40212,2021/05/02,7485.03
40212,2021/05/09,7586.83
40212,2021/05/16,7700.6
40212,2021/05/23,7790.42
40212,2021/05/30,7802.4
40212,2021/06/06,7838.32
40212,2021/06/13,7862.28
40212,2021/06/20,7880.24
40212,2021/06/27,7892.22
40212,2021/07/04,7922.16
40212,2021/07/11,8023.95
40212,2021/07/18,8113.77
40212,2021/07/25,8287.43
40212,2021/08/01,8622.75
40212,2021/08/08,9011.98
40212,2021/08/15,9544.91
40212,2021/08/22,10161.68
40212,2021/08/29,10700.6
40212,2021/09/05,11203.59
40212,2021/09/12,11760.48
40212,2021/09/19,12131.74
40212,2021/09/26,12670.66
40212,2021/10/03,13257.49
40212,2021/10/10,13550.9
40212,2021/10/17,13802.4
40223,2020/04/26,0
40223,2020/05/03,0
40223,2020/05/10,0
40223,2020/05/17,17.13
40223,2020/05/24,34.25
40223,2020/05/31,231.19
40223,2020/06/07,269.73
40223,2020/06/14,299.7
40223,2020/06/21,325.38
40223,2020/06/28,355.35
40223,2020/07/05,419.57
40223,2020/07/12,509.48
40223,2020/07/19,603.67
40223,2020/07/26,732.11
40223,2020/08/02,847.71
40223,2020/08/09,1023.25
40223,2020/08/16,1130.28
40223,2020/08/23,1250.16
40223,2020/08/30,1357.19
40223,2020/09/06,1421.42
40223,2020/09/13,1537.01
40223,2020/09/20,1626.92
40223,2020/09/27,1798.18
40223,2020/10/04,1922.34
40223,2020/10/11,2072.18
40223,2020/10/18,2329.07
40223,2020/10/25,2585.95
40223,2020/11/01,2821.42
40223,2020/11/08,3236.72
40223,2020/11/15,3587.79
40223,2020/11/22,3943.14
40223,2020/11/29,4349.87
40223,2020/12/06,4778.01
40223,2020/12/13,5094.83
40223,2020/12/20,5381.68
40223,2020/12/27,5694.22
40223,2021/01/03,6079.55
40223,2021/01/10,6426.34
40223,2021/01/17,6875.88
40223,2021/01/24,7196.99
40223,2021/01/31,7423.9
40223,2021/02/07,7663.66
40223,2021/02/14,7847.75
40223,2021/02/21,7971.91
40223,2021/02/28,8070.39
40223,2021/03/07,8143.17
40223,2021/03/14,8241.64
40223,2021/03/21,8378.64
40223,2021/03/28,8464.27
40223,2021/04/04,8601.28
40223,2021/04/11,8674.06
40223,2021/04/18,8751.12
40223,2021/04/25,8823.91
40223,2021/05/02,8862.44
40223,2021/05/09,8909.53
40223,2021/05/16,8969.47
40223,2021/05/23,9008.01
40223,2021/05/30,9012.29
40223,2021/06/06,9029.41
40223,2021/06/13,9050.82
40223,2021/06/20,9085.07
40223,2021/06/27,9102.2
40223,2021/07/04,9136.45
40223,2021/07/11,9196.39
40223,2021/07/18,9252.04
40223,2021/07/25,9341.95
40223,2021/08/01,9500.36
40223,2021/08/08,9761.53
40223,2021/08/15,10104.04
40223,2021/08/22,10506.49
40223,2021/08/29,10887.53
40223,2021/09/05,11225.76
40223,2021/09/12,11688.14
40223,2021/09/19,11957.87
40223,2021/09/26,12317.51
40223,2021/10/03,12514.45
40223,2021/10/10,12655.73
40223,2021/10/17,12792.74
40204,2020/04/26,0
40204,2020/05/03,0
40204,2020/05/10,0
40204,2020/05/17,13.59
40204,2020/05/24,20.39
40204,2020/05/31,135.92
40204,2020/06/07,135.92
40204,2020/06/14,149.52
40204,2020/06/21,183.5
40204,2020/06/28,224.28
40204,2020/07/05,292.24
40204,2020/07/12,387.39
40204,2020/07/19,509.72
40204,2020/07/26,645.64
40204,2020/08/02,788.36
40204,2020/08/09,917.49
40204,2020/08/16,992.25
40204,2020/08/23,1087.4
40204,2020/08/30,1264.1
40204,2020/09/06,1332.06
40204,2020/09/13,1393.23
40204,2020/09/20,1495.17
40204,2020/09/27,1569.93
40204,2020/10/04,1685.47
40204,2020/10/11,1855.38
40204,2020/10/18,2018.49
40204,2020/10/25,2201.98
40204,2020/11/01,2494.22
40204,2020/11/08,2868.02
40204,2020/11/15,3146.66
40204,2020/11/22,3527.25
40204,2020/11/29,3880.66
40204,2020/12/06,4240.86
40204,2020/12/13,4492.32
40204,2020/12/20,4682.62
40204,2020/12/27,4879.71
40204,2021/01/03,5199.13
40204,2021/01/10,5443.8
40204,2021/01/17,5756.42
40204,2021/01/24,5919.53
40204,2021/01/31,6109.83
40204,2021/02/07,6259.34
40204,2021/02/14,6347.7
40204,2021/02/21,6463.23
40204,2021/02/28,6537.99
40204,2021/03/07,6585.56
40204,2021/03/14,6680.71
40204,2021/03/21,6755.47
40204,2021/03/28,6809.84
40204,2021/04/04,6918.58
40204,2021/04/11,6972.95
40204,2021/04/18,7034.12
40204,2021/04/25,7122.47
40204,2021/05/02,7156.45
40204,2021/05/09,7156.45
40204,2021/05/16,7176.84
40204,2021/05/23,7217.62
40204,2021/05/30,7231.21
40204,2021/06/06,7244.8
40204,2021/06/13,7271.99
40204,2021/06/20,7285.58
40204,2021/06/27,7299.17
40204,2021/07/04,7299.17
40204,2021/07/11,7333.15
40204,2021/07/18,7380.73
40204,2021/07/25,7516.65
40204,2021/08/01,7693.35
40204,2021/08/08,7856.46
40204,2021/08/15,8155.5
40204,2021/08/22,8474.92
40204,2021/08/29,8801.14
40204,2021/09/05,8998.23
40204,2021/09/12,9242.9
40204,2021/09/19,9453.58
40204,2021/09/26,9745.82
40204,2021/10/03,9902.13
40204,2021/10/10,10010.87
40204,2021/10/17,10099.23
40207,2020/04/26,0
40207,2020/05/03,0
40207,2020/05/10,0
40207,2020/05/17,13.23
40207,2020/05/24,52.93
40207,2020/05/31,314.28
40207,2020/06/07,360.59
40207,2020/06/14,380.44
40207,2020/06/21,413.52
40207,2020/06/28,449.91
40207,2020/07/05,545.85
40207,2020/07/12,631.86
40207,2020/07/19,807.2
40207,2020/07/26,932.91
40207,2020/08/02,1111.55
40207,2020/08/09,1286.89
40207,2020/08/16,1409.29
40207,2020/08/23,1578.01
40207,2020/08/30,1750.03
40207,2020/09/06,1859.2
40207,2020/09/13,1955.14
40207,2020/09/20,2047.77
40207,2020/09/27,2170.17
40207,2020/10/04,2295.88
40207,2020/10/11,2451.37
40207,2020/10/18,2639.94
40207,2020/10/25,2891.36
40207,2020/11/01,3142.78
40207,2020/11/08,3526.53
40207,2020/11/15,3996.29
40207,2020/11/22,4419.74
40207,2020/11/29,4863.04
40207,2020/12/06,5180.63
40207,2020/12/13,5422.13
40207,2020/12/20,5647.08
40207,2020/12/27,6001.06
40207,2021/01/03,6450.97
40207,2021/01/10,6881.04
40207,2021/01/17,7225.09
40207,2021/01/24,7592.3
40207,2021/01/31,7850.34
40207,2021/02/07,8071.99
40207,2021/02/14,8234.09
40207,2021/02/21,8363.11
40207,2021/02/28,8475.59
40207,2021/03/07,8594.68
40207,2021/03/14,8667.46
40207,2021/03/21,8766.71
40207,2021/03/28,8822.95
40207,2021/04/04,8895.73
40207,2021/04/11,8951.97
40207,2021/04/18,9001.59
40207,2021/04/25,9041.29
40207,2021/05/02,9084.29
40207,2021/05/09,9107.45
40207,2021/05/16,9143.84
40207,2021/05/23,9167
40207,2021/05/30,9173.61
40207,2021/06/06,9196.77
40207,2021/06/13,9206.7
40207,2021/06/20,9216.62
40207,2021/06/27,9236.47
40207,2021/07/04,9253.01
40207,2021/07/11,9279.48
40207,2021/07/18,9319.17
40207,2021/07/25,9425.04
40207,2021/08/01,9646.69
40207,2021/08/08,9861.72
40207,2021/08/15,10156.15
40207,2021/08/22,10500.2
40207,2021/08/29,10754.93
40207,2021/09/05,10993.12
40207,2021/09/12,11261.08
40207,2021/09/19,11449.65
40207,2021/09/26,11846.63
40207,2021/10/03,12078.21
40207,2021/10/10,12220.46
40207,2021/10/17,12342.86
40228,2020/04/26,0
40228,2020/05/03,0
40228,2020/05/10,0
40228,2020/05/17,6.28
40228,2020/05/24,6.28
40228,2020/05/31,332.77
40228,2020/06/07,376.72
40228,2020/06/14,420.67
40228,2020/06/21,477.18
40228,2020/06/28,533.68
40228,2020/07/05,621.59
40228,2020/07/12,753.44
40228,2020/07/19,922.96
40228,2020/07/26,1092.48
40228,2020/08/02,1255.73
40228,2020/08/09,1431.53
40228,2020/08/16,1601.05
40228,2020/08/23,1707.79
40228,2020/08/30,1908.71
40228,2020/09/06,2028
40228,2020/09/13,2191.25
40228,2020/09/20,2304.26
40228,2020/09/27,2442.39
40228,2020/10/04,2618.2
40228,2020/10/11,2806.55
40228,2020/10/18,3007.47
40228,2020/10/25,3396.75
40228,2020/11/01,3691.84
40228,2020/11/08,4143.91
40228,2020/11/15,4909.9
40228,2020/11/22,5424.75
40228,2020/11/29,6077.73
40228,2020/12/06,6567.46
40228,2020/12/13,6950.46
40228,2020/12/20,7333.46
40228,2020/12/27,7798.08
40228,2021/01/03,8356.88
40228,2021/01/10,8978.46
40228,2021/01/17,9543.54
40228,2021/01/24,10020.72
40228,2021/01/31,10303.26
40228,2021/02/07,10661.14
40228,2021/02/14,10949.96
40228,2021/02/21,11113.2
40228,2021/02/28,11276.45
40228,2021/03/07,11408.3
40228,2021/03/14,11552.71
40228,2021/03/21,11703.4
40228,2021/03/28,11759.9
40228,2021/04/04,11835.25
40228,2021/04/11,11948.26
40228,2021/04/18,12105.23
40228,2021/04/25,12312.43
40228,2021/05/02,12419.16
40228,2021/05/09,12519.62
40228,2021/05/16,12664.03
40228,2021/05/23,12707.98
40228,2021/05/30,12733.09
40228,2021/06/06,12764.49
40228,2021/06/13,12795.88
40228,2021/06/20,12821
40228,2021/06/27,12827.27
40228,2021/07/04,12858.67
40228,2021/07/11,12908.9
40228,2021/07/18,13009.36
40228,2021/07/25,13216.55
40228,2021/08/01,13530.48
40228,2021/08/08,13844.42
40228,2021/08/15,14371.82
40228,2021/08/22,14899.23
40228,2021/08/29,15388.96
40228,2021/09/05,15853.58
40228,2021/09/12,16418.66
40228,2021/09/19,16757.71
40228,2021/09/26,17391.85
40228,2021/10/03,17793.68
40228,2021/10/10,18107.62
40228,2021/10/17,18302.25
,,
40218,2020/04/26,0
40218,2020/05/03,0
40218,2020/05/10,0
40218,2020/05/17,14.85
40218,2020/05/24,29.7
40218,2020/05/31,522.75
40218,2020/06/07,605.92
40218,2020/06/14,635.62
40218,2020/06/21,700.96
40218,2020/06/28,754.43
40218,2020/07/05,816.8
40218,2020/07/12,932.64
40218,2020/07/19,1143.52
40218,2020/07/26,1309.85
40218,2020/08/02,1410.84
40218,2020/08/09,1583.11
40218,2020/08/16,1755.38
40218,2020/08/23,1877.15
40218,2020/08/30,2016.75
40218,2020/09/06,2191.99
40218,2020/09/13,2304.86
40218,2020/09/20,2388.02
40218,2020/09/27,2590
40218,2020/10/04,2806.82
40218,2020/10/11,3059.28
40218,2020/10/18,3332.54
40218,2020/10/25,3626.59
40218,2020/11/01,3923.61
40218,2020/11/08,4256.27
40218,2020/11/15,4600.81
40218,2020/11/22,4942.38
40218,2020/11/29,5358.2
40218,2020/12/06,5791.85
40218,2020/12/13,6136.39
40218,2020/12/20,6391.83
40218,2020/12/27,6736.37
40218,2021/01/03,7134.37
40218,2021/01/10,7490.79
40218,2021/01/17,7755.14
40218,2021/01/24,8055.13
40218,2021/01/31,8215.52
40218,2021/02/07,8396.7
40218,2021/02/14,8551.15
40218,2021/02/21,8666.98
40218,2021/02/28,8756.09
40218,2021/03/07,8842.22
40218,2021/03/14,8901.63
40218,2021/03/21,9011.52
40218,2021/03/28,9088.75
40218,2021/04/04,9160.03
40218,2021/04/11,9231.32
40218,2021/04/18,9329.33
40218,2021/04/25,9454.08
40218,2021/05/02,9534.28
40218,2021/05/09,9590.71
40218,2021/05/16,9644.17
40218,2021/05/23,9667.93
40218,2021/05/30,9682.78
40218,2021/06/06,9706.55
40218,2021/06/13,9745.16
40218,2021/06/20,9765.95
40218,2021/06/27,9807.53
40218,2021/07/04,9819.41
40218,2021/07/11,9866.94
40218,2021/07/18,9914.46
40218,2021/07/25,10012.47
40218,2021/08/01,10205.54
40218,2021/08/08,10469.88
40218,2021/08/15,10847.1
40218,2021/08/22,11227.28
40218,2021/08/29,11559.94
40218,2021/09/05,11877.75
40218,2021/09/12,12299.51
40218,2021/09/19,12587.62
40218,2021/09/26,13000.48
40218,2021/10/03,13315.31
40218,2021/10/10,13508.38
40218,2021/10/17,13677.68
40203,2020/04/26,0
40203,2020/05/03,0
40203,2020/05/10,0
40203,2020/05/17,11.23
40203,2020/05/24,16.84
40203,2020/05/31,690.43
40203,2020/06/07,769.01
40203,2020/06/14,870.05
40203,2020/06/21,881.28
40203,2020/06/28,948.64
40203,2020/07/05,971.09
40203,2020/07/12,1122.65
40203,2020/07/19,1206.85
40203,2020/07/26,1330.34
40203,2020/08/02,1436.99
40203,2020/08/09,1554.87
40203,2020/08/16,1667.13
40203,2020/08/23,2003.93
40203,2020/08/30,2329.5
40203,2020/09/06,2408.08
40203,2020/09/13,2497.9
40203,2020/09/20,2604.55
40203,2020/09/27,2761.72
40203,2020/10/04,2857.14
40203,2020/10/11,2980.63
40203,2020/10/18,3120.97
40203,2020/10/25,3272.52
40203,2020/11/01,3418.47
40203,2020/11/08,3682.29
40203,2020/11/15,3946.11
40203,2020/11/22,4277.29
40203,2020/11/29,4580.41
40203,2020/12/06,4793.71
40203,2020/12/13,5214.71
40203,2020/12/20,5635.7
40203,2020/12/27,5905.14
40203,2021/01/03,6382.26
40203,2021/01/10,6662.92
40203,2021/01/17,6865
40203,2021/01/24,7168.12
40203,2021/01/31,7392.65
40203,2021/02/07,7555.43
40203,2021/02/14,7723.83
40203,2021/02/21,7886.61
40203,2021/02/28,7987.65
40203,2021/03/07,8083.08
40203,2021/03/14,8133.6
40203,2021/03/21,8156.05
40203,2021/03/28,8262.7
40203,2021/04/04,8318.83
40203,2021/04/11,8414.26
40203,2021/04/18,8492.84
40203,2021/04/25,8582.66
40203,2021/05/02,8700.53
40203,2021/05/09,8745.44
40203,2021/05/16,8818.41
40203,2021/05/23,8891.38
40203,2021/05/30,8919.45
40203,2021/06/06,8953.13
40203,2021/06/13,8958.74
40203,2021/06/20,8964.36
40203,2021/06/27,8975.58
40203,2021/07/04,8992.42
40203,2021/07/11,9031.71
40203,2021/07/18,9104.69
40203,2021/07/25,9256.24
40203,2021/08/01,9497.61
40203,2021/08/08,9800.73
40203,2021/08/15,10176.82
40203,2021/08/22,10715.69
40203,2021/08/29,11091.78
40203,2021/09/05,11422.96
40203,2021/09/12,11939.38
40203,2021/09/19,12287.4
40203,2021/09/26,12517.54
40203,2021/10/03,12764.52
40203,2021/10/10,13017.12
40203,2021/10/17,13207.97
40202,2020/04/26,0
40202,2020/05/03,0
40202,2020/05/10,0
40202,2020/05/17,13.9
40202,2020/05/24,55.6
40202,2020/05/31,514.32
40202,2020/06/07,611.62
40202,2020/06/14,653.32
40202,2020/06/21,695.02
40202,2020/06/28,764.53
40202,2020/07/05,792.33
40202,2020/07/12,875.73
40202,2020/07/19,986.93
40202,2020/07/26,1195.44
40202,2020/08/02,2043.37
40202,2020/08/09,2390.88
40202,2020/08/16,2627.19
40202,2020/08/23,3391.72
40202,2020/08/30,3530.72
40202,2020/09/06,3628.02
40202,2020/09/13,3822.63
40202,2020/09/20,4100.64
40202,2020/09/27,4378.65
40202,2020/10/04,4559.36
40202,2020/10/11,4726.16
40202,2020/10/18,4879.07
40202,2020/10/25,5087.57
40202,2020/11/01,5532.39
40202,2020/11/08,6074.51
40202,2020/11/15,6547.12
40202,2020/11/22,6964.14
40202,2020/11/29,7395.05
40202,2020/12/06,7686.96
40202,2020/12/13,8006.67
40202,2020/12/20,8354.18
40202,2020/12/27,8812.9
40202,2021/01/03,9257.71
40202,2021/01/10,10314.15
40202,2021/01/17,10856.27
40202,2021/01/24,11495.69
40202,2021/01/31,11926.61
40202,2021/02/07,12288.02
40202,2021/02/14,12468.72
40202,2021/02/21,12732.83
40202,2021/02/28,12788.43
40202,2021/03/07,12885.74
40202,2021/03/14,12996.94
40202,2021/03/21,13135.95
40202,2021/03/28,13386.16
40202,2021/04/04,13427.86
40202,2021/04/11,13566.86
40202,2021/04/18,13650.26
40202,2021/04/25,13705.87
40202,2021/05/02,13733.67
40202,2021/05/09,13761.47
40202,2021/05/16,13886.57
40202,2021/05/23,13997.78
40202,2021/05/30,14011.68
40202,2021/06/06,14081.18
40202,2021/06/13,14108.98
40202,2021/06/20,14136.78
40202,2021/06/27,14192.38
40202,2021/07/04,14581.6
40202,2021/07/11,14887.41
40202,2021/07/18,15123.71
40202,2021/07/25,15373.92
40202,2021/08/01,15846.54
40202,2021/08/08,16319.15
40202,2021/08/15,17028.08
40202,2021/08/22,18432.03
40202,2021/08/29,19474.56
40202,2021/09/05,20086.18
40202,2021/09/12,20586.6
40202,2021/09/19,20975.81
40202,2021/09/26,21365.03
40202,2021/10/03,21643.04
40202,2021/10/10,21921.05
40202,2021/10/17,22087.85
40241,2020/04/26,0
40241,2020/05/03,0
40241,2020/05/10,0
40241,2020/05/17,9.98
40241,2020/05/24,9.98
40241,2020/05/31,196.29
40241,2020/06/07,226.24
40241,2020/06/14,279.47
40241,2020/06/21,339.36
40241,2020/06/28,375.95
40241,2020/07/05,442.49
40241,2020/07/12,515.69
40241,2020/07/19,645.44
40241,2020/07/26,781.85
40241,2020/08/02,891.64
40241,2020/08/09,1008.08
40241,2020/08/16,1114.55
40241,2020/08/23,1177.76
40241,2020/08/30,1277.57
40241,2020/09/06,1350.77
40241,2020/09/13,1447.25
40241,2020/09/20,1533.75
40241,2020/09/27,1640.22
40241,2020/10/04,1746.68
40241,2020/10/11,1883.09
40241,2020/10/18,2132.61
40241,2020/10/25,2382.14
40241,2020/11/01,2671.59
40241,2020/11/08,3017.6
40241,2020/11/15,3386.9
40241,2020/11/22,3776.16
40241,2020/11/29,4235.29
40241,2020/12/06,4657.82
40241,2020/12/13,4977.21
40241,2020/12/20,5250.02
40241,2020/12/27,5499.55
40241,2021/01/03,5872.18
40241,2021/01/10,6324.65
40241,2021/01/17,6587.48
40241,2021/01/24,6853.64
40241,2021/01/31,7086.54
40241,2021/02/07,7289.48
40241,2021/02/14,7409.26
40241,2021/02/21,7542.34
40241,2021/02/28,7638.82
40241,2021/03/07,7715.34
40241,2021/03/14,7811.82
40241,2021/03/21,7898.33
40241,2021/03/28,8001.46
40241,2021/04/04,8061.35
40241,2021/04/11,8134.54
40241,2021/04/18,8177.8
40241,2021/04/25,8241.01
40241,2021/05/02,8347.47
40241,2021/05/09,8404.03
40241,2021/05/16,8463.92
40241,2021/05/23,8490.53
40241,2021/05/30,8497.19
40241,2021/06/06,8533.79
40241,2021/06/13,8557.07
40241,2021/06/20,8567.06
40241,2021/06/27,8580.36
40241,2021/07/04,8593.67
40241,2021/07/11,8650.23
40241,2021/07/18,8720.1
40241,2021/07/25,8846.52
40241,2021/08/01,9052.8
40241,2021/08/08,9269.06
40241,2021/08/15,9511.93
40241,2021/08/22,9771.43
40241,2021/08/29,10014.31
40241,2021/09/05,10267.16
40241,2021/09/12,10546.63
40241,2021/09/19,10802.81
40241,2021/09/26,11321.82
40241,2021/10/03,11581.33
40241,2021/10/10,11794.26
40241,2021/10/17,11907.38
40242,2020/04/26,0
40242,2020/05/03,0
40242,2020/05/10,0
40242,2020/05/17,9.03
40242,2020/05/24,9.03
40242,2020/05/31,225.77
40242,2020/06/07,270.93
40242,2020/06/14,298.02
40242,2020/06/21,334.15
40242,2020/06/28,379.3
40242,2020/07/05,460.58
40242,2020/07/12,596.04
40242,2020/07/19,686.35
40242,2020/07/26,812.79
40242,2020/08/02,921.16
40242,2020/08/09,957.28
40242,2020/08/16,1119.84
40242,2020/08/23,1291.43
40242,2020/08/30,1390.77
40242,2020/09/06,1463.02
40242,2020/09/13,1490.11
40242,2020/09/20,1643.64
40242,2020/09/27,1770.07
40242,2020/10/04,1869.41
40242,2020/10/11,2013.91
40242,2020/10/18,2176.47
40242,2020/10/25,2429.33
40242,2020/11/01,2664.14
40242,2020/11/08,2980.22
40242,2020/11/15,3332.43
40242,2020/11/22,3684.64
40242,2020/11/29,4054.91
40242,2020/12/06,4244.56
40242,2020/12/13,4452.27
40242,2020/12/20,4569.67
40242,2020/12/27,4912.85
40242,2021/01/03,5237.97
40242,2021/01/10,5599.21
40242,2021/01/17,5815.95
40242,2021/01/24,6095.91
40242,2021/01/31,6303.62
40242,2021/02/07,6619.71
40242,2021/02/14,6746.14
40242,2021/02/21,6818.39
40242,2021/02/28,6899.67
40242,2021/03/07,6917.73
40242,2021/03/14,7026.1
40242,2021/03/21,7053.19
40242,2021/03/28,7071.25
40242,2021/04/04,7134.47
40242,2021/04/11,7206.72
40242,2021/04/18,7260.9
40242,2021/04/25,7260.9
40242,2021/05/02,7324.12
40242,2021/05/09,7360.25
40242,2021/05/16,7396.37
40242,2021/05/23,7423.46
40242,2021/05/30,7432.49
40242,2021/06/06,7450.56
40242,2021/06/13,7504.74
40242,2021/06/20,7531.83
40242,2021/06/27,7558.93
40242,2021/07/04,7567.96
40242,2021/07/11,7567.96
40242,2021/07/18,7631.17
40242,2021/07/25,7802.76
40242,2021/08/01,7965.32
40242,2021/08/08,8317.53
40242,2021/08/15,8534.27
40242,2021/08/22,8841.33
40242,2021/08/29,9202.56
40242,2021/09/05,9446.4
40242,2021/09/12,9771.52
40242,2021/09/19,9997.29
40242,2021/09/26,10539.15
40242,2021/10/03,10692.68
40242,2021/10/10,10819.11
40242,2021/10/17,10954.57
40242,2020/04/26,0
40242,2020/05/03,0
40242,2020/05/10,0
40242,2020/05/17,9.03
40242,2020/05/24,9.03
40242,2020/05/31,225.77
40242,2020/06/07,270.93
40242,2020/06/14,298.02
40242,2020/06/21,334.15
40242,2020/06/28,379.3
40242,2020/07/05,460.58
40242,2020/07/12,596.04
40242,2020/07/19,686.35
40242,2020/07/26,812.79
40242,2020/08/02,921.16
40242,2020/08/09,957.28
40242,2020/08/16,1119.84
40242,2020/08/23,1291.43
40242,2020/08/30,1390.77
40242,2020/09/06,1463.02
40242,2020/09/13,1490.11
40242,2020/09/20,1643.64
40242,2020/09/27,1770.07
40242,2020/10/04,1869.41
40242,2020/10/11,2013.91
40242,2020/10/18,2176.47
40242,2020/10/25,2429.33
40242,2020/11/01,2664.14
40242,2020/11/08,2980.22
40242,2020/11/15,3332.43
40242,2020/11/22,3684.64
40242,2020/11/29,4054.91
40242,2020/12/06,4244.56
40242,2020/12/13,4452.27
40242,2020/12/20,4569.67
40242,2020/12/27,4912.85
40242,2021/01/03,5237.97
40242,2021/01/10,5599.21
40242,2021/01/17,5815.95
40242,2021/01/24,6095.91
40242,2021/01/31,6303.62
40242,2021/02/07,6619.71
40242,2021/02/14,6746.14
40242,2021/02/21,6818.39
40242,2021/02/28,6899.67
40242,2021/03/07,6917.73
40242,2021/03/14,7026.1
40242,2021/03/21,7053.19
40242,2021/03/28,7071.25
40242,2021/04/04,7134.47
40242,2021/04/11,7206.72
40242,2021/04/18,7260.9
40242,2021/04/25,7260.9
40242,2021/05/02,7324.12
40242,2021/05/09,7360.25
40242,2021/05/16,7396.37
40242,2021/05/23,7423.46
40242,2021/05/30,7432.49
40242,2021/06/06,7450.56
40242,2021/06/13,7504.74
40242,2021/06/20,7531.83
40242,2021/06/27,7558.93
40242,2021/07/04,7567.96
40242,2021/07/11,7567.96
40242,2021/07/18,7631.17
40242,2021/07/25,7802.76
40242,2021/08/01,7965.32
40242,2021/08/08,8317.53
40242,2021/08/15,8534.27
40242,2021/08/22,8841.33
40242,2021/08/29,9202.56
40242,2021/09/05,9446.4
40242,2021/09/12,9771.52
40242,2021/09/19,9997.29
40242,2021/09/26,10539.15
40242,2021/10/03,10692.68
40242,2021/10/10,10819.11
40242,2021/10/17,10954.57
40222,2020/04/26,0
40222,2020/05/03,0
40222,2020/05/10,0
40222,2020/05/17,13.49
40222,2020/05/24,17.99
40222,2020/05/31,310.31
40222,2020/06/07,346.29
40222,2020/06/14,373.27
40222,2020/06/21,377.77
40222,2020/06/28,427.24
40222,2020/07/05,463.21
40222,2020/07/12,539.67
40222,2020/07/19,683.58
40222,2020/07/26,796.01
40222,2020/08/02,953.41
40222,2020/08/09,1079.33
40222,2020/08/16,1272.71
40222,2020/08/23,1461.59
40222,2020/08/30,1596.51
40222,2020/09/06,1668.47
40222,2020/09/13,1812.38
40222,2020/09/20,1992.26
40222,2020/09/27,2167.66
40222,2020/10/04,2298.08
40222,2020/10/11,2410.51
40222,2020/10/18,2617.38
40222,2020/10/25,2896.2
40222,2020/11/01,3211.01
40222,2020/11/08,3602.27
40222,2020/11/15,3957.55
40222,2020/11/22,4348.8
40222,2020/11/29,4794.03
40222,2020/12/06,5279.73
40222,2020/12/13,5576.54
40222,2020/12/20,5832.88
40222,2020/12/27,6206.15
40222,2021/01/03,6696.35
40222,2021/01/10,7132.58
40222,2021/01/17,7438.39
40222,2021/01/24,7685.73
40222,2021/01/31,7910.6
40222,2021/02/07,8166.94
40222,2021/02/14,8328.84
40222,2021/02/21,8531.21
40222,2021/02/28,8621.15
40222,2021/03/07,8679.62
40222,2021/03/14,8715.6
40222,2021/03/21,8801.04
40222,2021/03/28,8841.52
40222,2021/04/04,8886.49
40222,2021/04/11,8976.43
40222,2021/04/18,9025.9
40222,2021/04/25,9120.35
40222,2021/05/02,9178.81
40222,2021/05/09,9214.79
40222,2021/05/16,9282.25
40222,2021/05/23,9322.72
40222,2021/05/30,9336.21
40222,2021/06/06,9345.21
40222,2021/06/13,9354.2
40222,2021/06/20,9354.2
40222,2021/06/27,9363.19
40222,2021/07/04,9408.17
40222,2021/07/11,9430.65
40222,2021/07/18,9516.1
40222,2021/07/25,9655.51
40222,2021/08/01,9866.88
40222,2021/08/08,10060.26
40222,2021/08/15,10294.12
40222,2021/08/22,10590.93
40222,2021/08/29,10946.21
40222,2021/09/05,11202.55
40222,2021/09/12,11530.85
40222,2021/09/19,11746.72
40222,2021/09/26,12299.87
40222,2021/10/03,12560.71
40222,2021/10/10,12731.61
40222,2021/10/17,12924.99
40291,2020/04/26,0
40291,2020/05/03,0
40291,2020/05/10,0
40291,2020/05/17,2.64
40291,2020/05/24,2.64
40291,2020/05/31,259.18
40291,2020/06/07,277.69
40291,2020/06/14,306.78
40291,2020/06/21,338.52
40291,2020/06/28,367.61
40291,2020/07/05,404.63
40291,2020/07/12,542.16
40291,2020/07/19,642.65
40291,2020/07/26,774.89
40291,2020/08/02,901.83
40291,2020/08/09,1065.8
40291,2020/08/16,1240.35
40291,2020/08/23,1364.65
40291,2020/08/30,1488.95
40291,2020/09/06,1557.71
40291,2020/09/13,1650.27
40291,2020/09/20,1782.5
40291,2020/09/27,1877.71
40291,2020/10/04,2033.75
40291,2020/10/11,2200.36
40291,2020/10/18,2467.47
40291,2020/10/25,2708.13
40291,2020/11/01,2964.67
40291,2020/11/08,3406.33
40291,2020/11/15,3895.59
40291,2020/11/22,4339.89
40291,2020/11/29,4940.23
40291,2020/12/06,5500.9
40291,2020/12/13,5889.66
40291,2020/12/20,6188.51
40291,2020/12/27,6577.28
40291,2021/01/03,7061.25
40291,2021/01/10,7436.79
40291,2021/01/17,7836.14
40291,2021/01/24,8269.86
40291,2021/01/31,8629.54
40291,2021/02/07,8912.51
40291,2021/02/14,9187.56
40291,2021/02/21,9367.4
40291,2021/02/28,9504.92
40291,2021/03/07,9597.48
40291,2021/03/14,9684.76
40291,2021/03/21,9787.9
40291,2021/03/28,9922.78
40291,2021/04/04,10025.92
40291,2021/04/11,10121.13
40291,2021/04/18,10197.82
40291,2021/04/25,10285.09
40291,2021/05/02,10343.28
40291,2021/05/09,10412.04
40291,2021/05/16,10443.77
40291,2021/05/23,10533.69
40291,2021/05/30,10560.14
40291,2021/06/06,10573.36
40291,2021/06/13,10594.52
40291,2021/06/20,10618.32
40291,2021/06/27,10626.26
40291,2021/07/04,10655.35
40291,2021/07/11,10700.31
40291,2021/07/18,10782.29
40291,2021/07/25,10956.84
40291,2021/08/01,11245.11
40291,2021/08/08,11485.77
40291,2021/08/15,11853.38
40291,2021/08/22,12297.68
40291,2021/08/29,12718.18
40291,2021/09/05,13101.66
40291,2021/09/12,13588.28
40291,2021/09/19,13947.95
40291,2021/09/26,14423.99
40291,2021/10/03,14788.96
40291,2021/10/10,15071.93
40291,2021/10/17,15307.31
,,
40243,2020/04/26,0
40243,2020/05/03,0
40243,2020/05/10,0
40243,2020/05/17,0
40243,2020/05/24,9.54
40243,2020/05/31,505.48
40243,2020/06/07,562.71
40243,2020/06/14,562.71
40243,2020/06/21,562.71
40243,2020/06/28,619.93
40243,2020/07/05,658.08
40243,2020/07/12,791.61
40243,2020/07/19,896.52
40243,2020/07/26,1010.97
40243,2020/08/02,1068.19
40243,2020/08/09,1163.57
40243,2020/08/16,1258.94
40243,2020/08/23,1354.32
40243,2020/08/30,1459.23
40243,2020/09/06,1564.14
40243,2020/09/13,1707.2
40243,2020/09/20,1802.58
40243,2020/09/27,1974.25
40243,2020/10/04,2088.7
40243,2020/10/11,2298.52
40243,2020/10/18,2594.18
40243,2020/10/25,2947.07
40243,2020/11/01,3233.19
40243,2020/11/08,3834.05
40243,2020/11/15,4148.78
40243,2020/11/22,4549.36
40243,2020/11/29,4997.62
40243,2020/12/06,5455.41
40243,2020/12/13,5836.91
40243,2020/12/20,6208.87
40243,2020/12/27,6542.68
40243,2021/01/03,7181.69
40243,2021/01/10,7639.48
40243,2021/01/17,8020.98
40243,2021/01/24,8354.79
40243,2021/01/31,8631.38
40243,2021/02/07,8955.65
40243,2021/02/14,9136.86
40243,2021/02/21,9279.92
40243,2021/02/28,9451.6
40243,2021/03/07,9499.28
40243,2021/03/14,9546.97
40243,2021/03/21,9604.2
40243,2021/03/28,9632.81
40243,2021/04/04,9680.5
40243,2021/04/11,9804.48
40243,2021/04/18,9890.32
40243,2021/04/25,9909.39
40243,2021/05/02,9947.54
40243,2021/05/09,9995.23
40243,2021/05/16,10042.92
40243,2021/05/23,10071.53
40243,2021/05/30,10081.07
40243,2021/06/06,10100.14
40243,2021/06/13,10147.83
40243,2021/06/20,10176.44
40243,2021/06/27,10214.59
40243,2021/07/04,10262.28
40243,2021/07/11,10300.43
40243,2021/07/18,10357.65
40243,2021/07/25,10500.72
40243,2021/08/01,10624.7
40243,2021/08/08,10948.97
40243,2021/08/15,11282.78
40243,2021/08/22,11626.13
40243,2021/08/29,11998.09
40243,2021/09/05,12207.92
40243,2021/09/12,12551.26
40243,2021/09/19,12885.07
40243,2021/09/26,13180.73
40243,2021/10/03,13495.47
40243,2021/10/10,13657.61
40243,2021/10/17,13800.67
40299,2020/04/26,0
40299,2020/05/03,0
40299,2020/05/10,0
40299,2020/05/17,9.65
40299,2020/05/24,12.06
40299,2020/05/31,265.3
40299,2020/06/07,274.94
40299,2020/06/14,294.24
40299,2020/06/21,313.53
40299,2020/06/28,347.3
40299,2020/07/05,410
40299,2020/07/12,472.71
40299,2020/07/19,581.24
40299,2020/07/26,687.36
40299,2020/08/02,832.07
40299,2020/08/09,969.54
40299,2020/08/16,1090.13
40299,2020/08/23,1189.01
40299,2020/08/30,1295.13
40299,2020/09/06,1396.43
40299,2020/09/13,1490.49
40299,2020/09/20,1632.78
40299,2020/09/27,1743.72
40299,2020/10/04,1847.43
40299,2020/10/11,1999.37
40299,2020/10/18,2233.32
40299,2020/10/25,2496.2
40299,2020/11/01,2824.2
40299,2020/11/08,3217.33
40299,2020/11/15,3752.74
40299,2020/11/22,4244.75
40299,2020/11/29,4816.34
40299,2020/12/06,5281.82
40299,2020/12/13,5583.29
40299,2020/12/20,5892
40299,2020/12/27,6309.24
40299,2021/01/03,6818.13
40299,2021/01/10,7228.13
40299,2021/01/17,7582.66
40299,2021/01/24,7966.14
40299,2021/01/31,8282.08
40299,2021/02/07,8619.73
40299,2021/02/14,8841.62
40299,2021/02/21,9020.09
40299,2021/02/28,9157.56
40299,2021/03/07,9237.15
40299,2021/03/14,9292.62
40299,2021/03/21,9393.92
40299,2021/03/28,9459.04
40299,2021/04/04,9545.86
40299,2021/04/11,9618.21
40299,2021/04/18,9702.63
40299,2021/04/25,9799.1
40299,2021/05/02,9840.1
40299,2021/05/09,9926.92
40299,2021/05/16,9989.63
40299,2021/05/23,10023.39
40299,2021/05/30,10042.69
40299,2021/06/06,10066.81
40299,2021/06/13,10078.87
40299,2021/06/20,10105.4
40299,2021/06/27,10122.28
40299,2021/07/04,10146.4
40299,2021/07/11,10189.81
40299,2021/07/18,10276.63
40299,2021/07/25,10428.57
40299,2021/08/01,10616.69
40299,2021/08/08,10848.23
40299,2021/08/15,11152.11
40299,2021/08/22,11552.47
40299,2021/08/29,11914.24
40299,2021/09/05,12225.36
40299,2021/09/12,12690.83
40299,2021/09/19,12953.72
40299,2021/09/26,13397.49
40299,2021/10/03,13689.31
40299,2021/10/10,13841.26
40299,2021/10/17,14000.43
40245,2020/04/26,0
40245,2020/05/03,0
40245,2020/05/10,0
40245,2020/05/17,8.69
40245,2020/05/24,8.69
40245,2020/05/31,220.1
40245,2020/06/07,237.48
40245,2020/06/14,257.75
40245,2020/06/21,306.99
40245,2020/06/28,359.12
40245,2020/07/05,411.25
40245,2020/07/12,469.17
40245,2020/07/19,602.39
40245,2020/07/26,721.13
40245,2020/08/02,871.73
40245,2020/08/09,990.47
40245,2020/08/16,1115
40245,2020/08/23,1222.16
40245,2020/08/30,1364.07
40245,2020/09/06,1477.02
40245,2020/09/13,1656.58
40245,2020/09/20,1873.79
40245,2020/09/27,2050.45
40245,2020/10/04,2203.94
40245,2020/10/11,2395.09
40245,2020/10/18,2632.57
40245,2020/10/25,2899.01
40245,2020/11/01,3246.55
40245,2020/11/08,3785.22
40245,2020/11/15,4225.43
40245,2020/11/22,4596.14
40245,2020/11/29,4990.01
40245,2020/12/06,5369.4
40245,2020/12/13,5716.93
40245,2020/12/20,6078.95
40245,2020/12/27,6472.82
40245,2021/01/03,6869.59
40245,2021/01/10,7295.32
40245,2021/01/17,7631.27
40245,2021/01/24,7984.59
40245,2021/01/31,8245.24
40245,2021/02/07,8497.21
40245,2021/02/14,8685.45
40245,2021/02/21,8812.88
40245,2021/02/28,8917.14
40245,2021/03/07,9001.13
40245,2021/03/14,9067.74
40245,2021/03/21,9143.04
40245,2021/03/28,9183.58
40245,2021/04/04,9253.09
40245,2021/04/11,9328.39
40245,2021/04/18,9366.04
40245,2021/04/25,9458.72
40245,2021/05/02,9565.87
40245,2021/05/09,9603.52
40245,2021/05/16,9652.76
40245,2021/05/23,9681.72
40245,2021/05/30,9701.99
40245,2021/06/06,9716.47
40245,2021/06/13,9728.05
40245,2021/06/20,9736.74
40245,2021/06/27,9783.08
40245,2021/07/04,9797.56
40245,2021/07/11,9849.69
40245,2021/07/18,9948.16
40245,2021/07/25,10095.86
40245,2021/08/01,10301.49
40245,2021/08/08,10515.8
40245,2021/08/15,10808.31
40245,2021/08/22,11115.29
40245,2021/08/29,11448.35
40245,2021/09/05,11764.02
40245,2021/09/12,12152.1
40245,2021/09/19,12418.55
40245,2021/09/26,12815.31
40245,2021/10/03,13038.32
40245,2021/10/10,13188.91
40245,2021/10/17,13359.78
40067,2020/04/26,0
40067,2020/05/03,0
40067,2020/05/10,0
40067,2020/05/17,16.57
40067,2020/05/24,16.57
40067,2020/05/31,16.57
40067,2020/06/07,16.57
40067,2020/06/14,16.57
40067,2020/06/21,16.57
40067,2020/06/28,16.57
40067,2020/07/05,16.57
40067,2020/07/12,16.57
40067,2020/07/19,16.57
40067,2020/07/26,16.57
40067,2020/08/02,16.57
40067,2020/08/09,16.57
40067,2020/08/16,16.57
40067,2020/08/23,16.57
40067,2020/08/30,16.57
40067,2020/09/06,16.57
40067,2020/09/13,16.57
40067,2020/09/20,16.57
40067,2020/09/27,16.57
40067,2020/10/04,16.57
40067,2020/10/11,16.57
40067,2020/10/18,16.57
40067,2020/10/25,16.57
40067,2020/11/01,16.57
40067,2020/11/08,16.57
40067,2020/11/15,16.57
40067,2020/11/22,16.57
40067,2020/11/29,33.13
40067,2020/12/06,33.13
40067,2020/12/13,49.7
40067,2020/12/20,49.7
40067,2020/12/27,49.7
40067,2021/01/03,49.7
40067,2021/01/10,49.7
40067,2021/01/17,49.7
40067,2021/01/24,49.7
40067,2021/01/31,49.7
40067,2021/02/07,49.7
40067,2021/02/14,49.7
40067,2021/02/21,49.7
40067,2021/02/28,49.7
40067,2021/03/07,49.7
40067,2021/03/14,49.7
40067,2021/03/21,49.7
40067,2021/03/28,49.7
40067,2021/04/04,49.7
40067,2021/04/11,49.7
40067,2021/04/18,49.7
40067,2021/04/25,49.7
40067,2021/05/02,49.7
40067,2021/05/09,49.7
40067,2021/05/16,49.7
40067,2021/05/23,49.7
40067,2021/05/30,49.7
40067,2021/06/06,49.7
40067,2021/06/13,49.7
40067,2021/06/20,49.7
40067,2021/06/27,49.7
40067,2021/07/04,49.7
40067,2021/07/11,49.7
40067,2021/07/18,49.7
40067,2021/07/25,49.7
40067,2021/08/01,49.7
40067,2021/08/08,66.27
40067,2021/08/15,66.27
40067,2021/08/22,66.27
40067,2021/08/29,66.27
40067,2021/09/05,66.27
40067,2021/09/12,66.27
40067,2021/09/19,66.27
40067,2021/09/26,66.27
40067,2021/10/03,66.27
40067,2021/10/10,66.27
40067,2021/10/17,66.27
40023,2020/04/26,0
40023,2020/05/03,0
40023,2020/05/10,0
40023,2020/05/17,0
40023,2020/05/24,0
40023,2020/05/31,93.08
40023,2020/06/07,111.69
40023,2020/06/14,130.31
40023,2020/06/21,130.31
40023,2020/06/28,186.15
40023,2020/07/05,242
40023,2020/07/12,353.69
40023,2020/07/19,409.53
40023,2020/07/26,577.07
40023,2020/08/02,614.3
40023,2020/08/09,725.99
40023,2020/08/16,781.83
40023,2020/08/23,856.29
40023,2020/08/30,949.37
40023,2020/09/06,1042.44
40023,2020/09/13,1135.52
40023,2020/09/20,1209.98
40023,2020/09/27,1228.59
40023,2020/10/04,1321.67
40023,2020/10/11,1433.36
40023,2020/10/18,1526.43
40023,2020/10/25,1693.97
40023,2020/11/01,1749.81
40023,2020/11/08,2066.27
40023,2020/11/15,2419.96
40023,2020/11/22,2848.1
40023,2020/11/29,3276.25
40023,2020/12/06,3648.55
40023,2020/12/13,3816.08
40023,2020/12/20,4151.15
40023,2020/12/27,4504.84
40023,2021/01/03,5044.68
40023,2021/01/10,5435.59
40023,2021/01/17,5640.36
40023,2021/01/24,5770.66
40023,2021/01/31,5863.74
40023,2021/02/07,5956.81
40023,2021/02/14,6049.89
40023,2021/02/21,6124.35
40023,2021/02/28,6198.81
40023,2021/03/07,6273.27
40023,2021/03/14,6329.11
40023,2021/03/21,6440.8
40023,2021/03/28,6496.65
40023,2021/04/04,6589.72
40023,2021/04/11,6682.8
40023,2021/04/18,6794.49
40023,2021/04/25,6943.41
40023,2021/05/02,7055.1
40023,2021/05/09,7092.33
40023,2021/05/16,7129.56
40023,2021/05/23,7148.18
40023,2021/05/30,7185.41
40023,2021/06/06,7185.41
40023,2021/06/13,7185.41
40023,2021/06/20,7185.41
40023,2021/06/27,7185.41
40023,2021/07/04,7278.48
40023,2021/07/11,7278.48
40023,2021/07/18,7352.94
40023,2021/07/25,7483.25
40023,2021/08/01,7613.55
40023,2021/08/08,7818.32
40023,2021/08/15,8246.46
40023,2021/08/22,8693.22
40023,2021/08/29,9102.76
40023,2021/09/05,9493.67
40023,2021/09/12,10201.04
40023,2021/09/19,10629.19
40023,2021/09/26,11001.49
40023,2021/10/03,11280.71
40023,2021/10/10,11466.87
40023,2021/10/17,11541.33
40023,2020/04/26,0
40023,2020/05/03,0
40023,2020/05/10,0
40023,2020/05/17,0
40023,2020/05/24,0
40023,2020/05/31,93.08
40023,2020/06/07,111.69
40023,2020/06/14,130.31
40023,2020/06/21,130.31
40023,2020/06/28,186.15
40023,2020/07/05,242
40023,2020/07/12,353.69
40023,2020/07/19,409.53
40023,2020/07/26,577.07
40023,2020/08/02,614.3
40023,2020/08/09,725.99
40023,2020/08/16,781.83
40023,2020/08/23,856.29
40023,2020/08/30,949.37
40023,2020/09/06,1042.44
40023,2020/09/13,1135.52
40023,2020/09/20,1209.98
40023,2020/09/27,1228.59
40023,2020/10/04,1321.67
40023,2020/10/11,1433.36
40023,2020/10/18,1526.43
40023,2020/10/25,1693.97
40023,2020/11/01,1749.81
40023,2020/11/08,2066.27
40023,2020/11/15,2419.96
40023,2020/11/22,2848.1
40023,2020/11/29,3276.25
40023,2020/12/06,3648.55
40023,2020/12/13,3816.08
40023,2020/12/20,4151.15
40023,2020/12/27,4504.84
40023,2021/01/03,5044.68
40023,2021/01/10,5435.59
40023,2021/01/17,5640.36
40023,2021/01/24,5770.66
40023,2021/01/31,5863.74
40023,2021/02/07,5956.81
40023,2021/02/14,6049.89
40023,2021/02/21,6124.35
40023,2021/02/28,6198.81
40023,2021/03/07,6273.27
40023,2021/03/14,6329.11
40023,2021/03/21,6440.8
40023,2021/03/28,6496.65
40023,2021/04/04,6589.72
40023,2021/04/11,6682.8
40023,2021/04/18,6794.49
40023,2021/04/25,6943.41
40023,2021/05/02,7055.1
40023,2021/05/09,7092.33
40023,2021/05/16,7129.56
40023,2021/05/23,7148.18
40023,2021/05/30,7185.41
40023,2021/06/06,7185.41
40023,2021/06/13,7185.41
40023,2021/06/20,7185.41
40023,2021/06/27,7185.41
40023,2021/07/04,7278.48
40023,2021/07/11,7278.48
40023,2021/07/18,7352.94
40023,2021/07/25,7483.25
40023,2021/08/01,7613.55
40023,2021/08/08,7818.32
40023,2021/08/15,8246.46
40023,2021/08/22,8693.22
40023,2021/08/29,9102.76
40023,2021/09/05,9493.67
40023,2021/09/12,10201.04
40023,2021/09/19,10629.19
40023,2021/09/26,11001.49
40023,2021/10/03,11280.71
40023,2021/10/10,11466.87
40023,2021/10/17,11541.33
40041,2020/04/26,0
40041,2020/05/03,0
40041,2020/05/10,0
40041,2020/05/17,0
40041,2020/05/24,0
40041,2020/05/31,1846.97
40041,2020/06/07,1846.97
40041,2020/06/14,1846.97
40041,2020/06/21,1846.97
40041,2020/06/28,1846.97
40041,2020/07/05,2110.82
40041,2020/07/12,2110.82
40041,2020/07/19,2110.82
40041,2020/07/26,2110.82
40041,2020/08/02,2110.82
40041,2020/08/09,2110.82
40041,2020/08/16,2110.82
40041,2020/08/23,2110.82
40041,2020/08/30,2110.82
40041,2020/09/06,2110.82
40041,2020/09/13,2110.82
40041,2020/09/20,2110.82
40041,2020/09/27,2110.82
40041,2020/10/04,2110.82
40041,2020/10/11,2374.67
40041,2020/10/18,2374.67
40041,2020/10/25,2638.52
40041,2020/11/01,2902.37
40041,2020/11/08,2902.37
40041,2020/11/15,3693.93
40041,2020/11/22,3693.93
40041,2020/11/29,4485.49
40041,2020/12/06,5277.04
40041,2020/12/13,5540.9
40041,2020/12/20,5540.9
40041,2020/12/27,5804.75
40041,2021/01/03,6332.45
40041,2021/01/10,6596.31
40041,2021/01/17,6596.31
40041,2021/01/24,6596.31
40041,2021/01/31,6860.16
40041,2021/02/07,6860.16
40041,2021/02/14,6860.16
40041,2021/02/21,6860.16
40041,2021/02/28,6860.16
40041,2021/03/07,6860.16
40041,2021/03/14,6860.16
40041,2021/03/21,6860.16
40041,2021/03/28,6860.16
40041,2021/04/04,6860.16
40041,2021/04/11,6860.16
40041,2021/04/18,6860.16
40041,2021/04/25,6860.16
40041,2021/05/02,6860.16
40041,2021/05/09,6860.16
40041,2021/05/16,6860.16
40041,2021/05/23,6860.16
40041,2021/05/30,6860.16
40041,2021/06/06,6860.16
40041,2021/06/13,6860.16
40041,2021/06/20,6860.16
40041,2021/06/27,6860.16
40041,2021/07/04,6860.16
40041,2021/07/11,6860.16
40041,2021/07/18,6860.16
40041,2021/07/25,7124.01
40041,2021/08/01,7124.01
40041,2021/08/08,7651.72
40041,2021/08/15,7651.72
40041,2021/08/22,7651.72
40041,2021/08/29,7651.72
40041,2021/09/05,7915.57
40041,2021/09/12,7915.57
40041,2021/09/19,8179.42
40041,2021/09/26,8179.42
40041,2021/10/03,8443.27
40041,2021/10/10,8443.27
40041,2021/10/17,8443.27